0.1,1,0.5
0.1,2,1,1,3,-6.3,1.5,-3.07,1.5,-4.45,3.3,-7.02685,1.62744,0,0,0,0,-nan,-nan,-nan,-nan,-nan,-nan,-nan,-nan,-nan,-nan,-nan,-nan
0.2,2,1,1,3,-6.3,1.5,-3.07,1.5,-4.45,3.3,-7.0024,1.62111,0.0244503,-0.00633001,0.0126282,0.0252564,0.0124446,-0.00214573,0.0126222,-0.000388739,0.0105504,0.00693975,-nan,-nan,-nan,-nan,-nan,-nan
0.3,2,1,1,3,-6.3,1.5,-3.07,1.5,-4.45,3.3,-6.9764,1.59415,0.026,-0.02696,0.0313555,0.0374546,0.0310561,-0.00432278,0.0313464,-0.000755494,0.0259864,0.0175463,-nan,-nan,-nan,-nan,-nan,-nan
0.4,2,1,1,3,-6.3,1.5,-3.07,1.5,-4.45,3.3,-6.9449,1.55981,0.0314999,-0.0343399,0.0420268,0.046599,0.0418472,-0.00388104,0.0420218,-0.000648617,0.0344701,0.0240429,-nan,-nan,-nan,-nan,-nan,-nan
0.5,2,1,1,3,-6.3,1.5,-3.07,1.5,-4.45,3.3,-6.93749,1.56447,0.00741005,0.00466001,0.0276763,0.046599,0.0275358,-0.00278473,0.0276724,-0.000461292,0.0226978,0.0158363,-nan,-nan,-nan,-nan,-nan,-nan
0.6,2,1,1,3,-6.3,1.5,-3.07,1.5,-4.45,3.3,-6.8401,1.59951,0.0973902,0.0350399,0.0561277,0.103502,0.0551987,-0.01017,0.0561082,-0.00148095,0.0457338,0.0325383,-nan,-nan,-nan,-nan,-nan,-nan
0.7,2,1,1,3,-6.3,1.5,-3.07,1.5,-4.45,3.3,-6.76675,1.59783,0.07335,-0.0016799,0.0884355,0.103502,0.0865547,-0.0181417,0.0884046,-0.00233952,0.0712676,0.0523619,-nan,-nan,-nan,-nan,-nan,-nan
0.8,2,1,1,3,-6.3,1.5,-3.07,1.5,-4.45,3.3,-6.67738,1.58742,0.0893698,-0.0104101,0.0816716,0.103502,0.0795647,-0.0184312,0.0816476,-0.00197862,0.064746,0.0497816,-nan,-nan,-nan,-nan,-nan,-nan
0.9,2,1,1,3,-6.3,1.5,-3.07,1.5,-4.45,3.3,-6.55216,1.61237,0.12522,0.02495,0.108828,0.127682,0.0994044,-0.0442976,0.108771,-0.00351007,0.084864,0.0681294,-nan,-nan,-nan,-nan,-nan,-nan
1,2,1,1,3,-6.3,1.5,-3.07,1.5,-4.45,3.3,-6.50097,1.60343,0.0511899,-0.00893998,0.0898232,0.127682,0.0798667,-0.0411038,0.0897824,-0.00270658,0.0692123,0.0572527,-nan,-nan,-nan,-nan,-nan,-nan
1.1,2,1,1,3,-6.3,1.5,-3.07,1.5,-4.45,3.3,-6.45886,1.58416,0.04211,-0.0192701,0.0491372,0.127682,0.0434203,-0.023003,0.049122,-0.00121991,0.0373632,0.0319132,-nan,-nan,-nan,-nan,-nan,-nan
1.2,2,1,1,3,-6.3,1.5,-3.07,1.5,-4.45,3.3,-6.40954,1.5657,0.0493197,-0.0184599,0.0494854,0.127682,0.0424375,-0.0254532,0.0494759,-0.000973358,0.0370564,0.0327969,0.0202381,0.0195365,0.0389858,0.391385,0.405441,0.203174
1.3,2,1,1,3,-6.3,1.5,-3.07,1.5,-4.45,3.3,-6.38626,1.54262,0.0232801,-0.0230801,0.0427216,0.127682,0.0383015,-0.0189243,0.0427181,-0.000549004,0.0316346,0.0287121,0.0198112,0.0198264,0.0409099,0.402658,0.402349,0.194993
1.4,2,1,1,3,-6.3,1.5,-3.07,1.5,-4.45,3.3,-6.34468,1.49196,0.0415802,-0.0506599,0.0491604,0.127682,0.0483833,0.00870641,0.0491602,0.000120698,0.0355653,0.033939,0.0199279,0.0212108,0.0445862,0.41903,0.393684,0.187286
1.5,2,1,1,3,-6.3,1.5,-3.07,1.5,-4.45,3.3,-6.3337,1.49477,0.0109797,0.00281,0.0384362,0.127682,0.0379815,0.00589441,0.0384361,6.15924e-05,0.0277503,0.0265943,0.0201028,0.0214497,0.0450517,0.419565,0.393219,0.187217
1.6,2,1,1,3,-6.3,1.5,-3.07,1.5,-4.45,3.3,-6.31664,1.48849,0.0170603,-0.00628006,0.0147565,0.127682,0.012136,0.00839472,0.0147564,5.23145e-05,0.0105896,0.0102769,0.0143784,0.0158259,0.0402989,0.441438,0.401061,0.157502
1.7,2,1,1,3,-6.3,1.5,-3.07,1.5,-4.45,3.3,-6.31279,1.49308,0.00384998,0.00459003,0.0120852,0.127682,0.0106291,0.00575096,0.0120851,2.57892e-05,0.0086746,0.00841443,0.01406,0.0156682,0.0384432,0.441873,0.396519,0.161608
1.8,2,1,1,3,-6.3,1.5,-3.07,1.5,-4.45,3.3,-6.30378,1.48715,0.00900984,-0.00593007,0.00838856,0.127682,0.00236724,0.00804762,0.0083885,3.33333e-05,0.00599745,0.00586503,0.0141313,0.015647,0.034381,0.432123,0.390265,0.177612
1.9,2,1,1,3,-6.3,1.5,-3.07,1.5,-4.45,3.3,-6.30194,1.4818,0.00184011,-0.00534999,0.00822192,0.127682,0.000871363,0.00817562,0.00822179,4.62994e-05,0.00586697,0.00576008,0.0103447,0.0130952,0.0302503,0.469057,0.37054,0.160404
2,2,1,1,3,-6.3,1.5,-3.07,1.5,-4.45,3.3,-6.30245,1.48481,-0.000510216,0.00301003,0.00435529,0.127682,0.0006935,0.00429972,0.00435524,2.04662e-05,0.00311078,0.00304821,0.00679854,0.00983509,0.0232249,0.504037,0.348418,0.147545
2.1,2,1,1,3,-6.3,1.5,-3.07,1.5,-4.45,3.3,-6.30278,1.50092,-0.000329971,0.0161101,0.00958321,0.127682,0.00909788,-0.00301104,0.00958321,-2.7274e-06,0.00687525,0.00667598,0.00503679,0.0075689,0.0168171,0.508915,0.338662,0.152422
2.2,2,1,1,3,-6.3,1.5,-3.07,1.5,-4.45,3.3,-6.30368,1.49408,-0.000899792,-0.00684011,0.0115062,0.127682,0.0060742,0.00977229,0.0115062,2.1065e-05,0.00824162,0.00802927,0.00509596,0.00742829,0.0143798,0.490099,0.336218,0.173683
2.3,2,1,1,3,-6.3,1.5,-3.07,1.5,-4.45,3.3,-6.30262,1.4995,0.00106001,0.00542009,0.0062109,0.127682,0.0061008,0.0011643,0.0062109,9.60591e-07,0.00445398,0.00432867,0.00476741,0.00639164,0.0111262,0.459904,0.343034,0.197062
2.4,2,1,1,3,-6.3,1.5,-3.07,1.5,-4.45,3.3,-6.30191,1.50642,0.000710011,0.00691998,0.00623954,0.127682,0.00177901,-0.00598055,0.00623953,-1.23945e-05,0.00448204,0.00434087,0.0038117,0.00395737,0.0047481,0.361536,0.348228,0.290236
2.5,2,1,1,3,-6.3,1.5,-3.07,1.5,-4.45,3.3,-6.30648,1.50684,-0.00457001,0.000419974,0.00577279,0.127682,0.00397012,-0.00419085,0.00577277,-1.22002e-05,0.00415217,0.00401055,0.00245918,0.00260942,0.00327195,0.371192,0.349821,0.278986
2.6,2,1,1,3,-6.3,1.5,-3.07,1.5,-4.45,3.3,-6.31095,1.5073,-0.00446987,0.000460029,0.00454137,0.127682,0.00377861,-0.00251917,0.00454136,-1.02291e-05,0.00327065,0.0031507,0.00196613,0.00221741,0.00216389,0.357745,0.317205,0.32505
2.7,2,1,1,3,-6.3,1.5,-3.07,1.5,-4.45,3.3,-6.31505,1.50949,-0.00410032,0.00218999,0.004571,0.127682,0.00386649,-0.00243809,0.00457098,-1.33676e-05,0.00329741,0.00316562,0.00196725,0.00215739,0.00214138,0.353289,0.322152,0.324559
2.8,2,1,1,3,-6.3,1.5,-3.07,1.5,-4.45,3.3,-6.31948,1.51469,-0.00442982,0.00520003,0.0057398,0.127682,0.00458276,-0.00345595,0.00573974,-2.59478e-05,0.00415102,0.00396413,0.00195535,0.00222065,0.00199936,0.349831,0.308037,0.342131
2.9,2,1,1,3,-6.3,1.5,-3.07,1.5,-4.45,3.3,-6.31657,1.51285,0.00291014,-0.00184,0.00513705,0.127682,0.00405938,-0.00314813,0.00513701,-2.03325e-05,0.00371053,0.00355265,0.00178098,0.00216009,0.00189152,0.361525,0.298077,0.340398
3,2,1,1,3,-6.3,1.5,-3.07,1.5,-4.45,3.3,-6.31252,1.51641,0.00404978,0.00355995,0.00441753,0.127682,0.00267951,-0.00351209,0.00441747,-2.23563e-05,0.00319054,0.00305533,0.00179739,0.00208905,0.00184341,0.352681,0.303442,0.343877
3.1,2,1,1,3,-6.3,1.5,-3.07,1.5,-4.45,3.3,-6.31007,1.51593,0.00244999,-0.000479937,0.00394429,0.127682,0.00210753,-0.00333403,0.00394424,-1.93922e-05,0.00284658,0.00273027,0.00166611,0.00181231,0.001674,0.343099,0.315421,0.34148
3.2,2,1,1,3,-6.3,1.5,-3.07,1.5,-4.45,3.3,-6.31323,1.51509,-0.00316,-0.000840068,0.00288316,0.127682,0.0019007,-0.00216794,0.00288313,-1.34145e-05,0.00208199,0.00199447,0.00158546,0.00170681,0.00147969,0.333291,0.309595,0.357114
3.3,2,1,1,3,-6.3,1.5,-3.07,1.5,-4.45,3.3,-6.31311,1.51349,0.000120163,-0.00160003,0.00243714,0.127682,0.00169851,-0.00174778,0.00243712,-1.01374e-05,0.0017591,0.00168678,0.00154487,0.00157869,0.00143808,0.327565,0.320547,0.351889
3.4,2,1,1,3,-6.3,1.5,-3.07,1.5,-4.45,3.3,-6.31311,1.51349,0,0,0.000802266,0.127682,0.000559121,-0.000575339,0.000802259,-3.33706e-06,0.000579067,0.000555259,0.00148862,0.00150649,0.00142329,0.329594,0.325683,0.344723
3.5,2,1,1,3,-6.3,1.5,-3.07,1.5,-4.45,3.3,-6.31676,1.52967,-0.00365019,0.01618,0.00829333,0.127682,0.00407893,-0.00722092,0.00829299,-7.57841e-05,0.00601764,0.00570679,0.0017058,0.00167119,0.00158799,0.323112,0.329805,0.347083
3.6,2,1,1,3,-6.3,1.5,-3.07,1.5,-4.45,3.3,-6.31895,1.52705,-0.00219011,-0.00261998,0.0100007,0.127682,0.00573809,-0.00819079,0.0100004,-8.3261e-05,0.00725548,0.00688279,0.00167341,0.00168242,0.00163775,0.331519,0.329743,0.338737
3.7,2,1,1,3,-6.3,1.5,-3.07,1.5,-4.45,3.3,-6.31887,1.52214,8.01086e-05,-0.00490999,0.00416273,0.127682,0.0027002,-0.00316815,0.00416263,-2.8367e-05,0.00301601,0.00286914,0.00163193,0.00172461,0.00177305,0.348837,0.330091,0.321072
3.8,2,1,1,3,-6.3,1.5,-3.07,1.5,-4.45,3.3,-6.31264,1.52053,0.00622988,-0.00161004,0.0056726,0.127682,0.00297405,-0.00483047,0.00567249,-3.5914e-05,0.00410167,0.00391852,0.00151965,0.00162319,0.00173959,0.355901,0.333197,0.310902
3.9,2,1,1,3,-6.3,1.5,-3.07,1.5,-4.45,3.3,-6.31554,1.51653,-0.00289965,-0.00399995,0.00568748,0.127682,0.0038956,-0.00414388,0.00568741,-2.89668e-05,0.00411107,0.00393021,0.00154943,0.00170109,0.00181609,0.361793,0.329537,0.30867
4,2,1,1,3,-6.3,1.5,-3.07,1.5,-4.45,3.3,-6.3133,1.51434,0.0022397,-0.00218999,0.00403643,0.127682,0.00274484,-0.0029595,0.00403639,-1.78467e-05,0.00291426,0.00279283,0.00151099,0.00170365,0.00185693,0.370286,0.328412,0.301302
4.1,2,1,1,3,-6.3,1.5,-3.07,1.5,-4.45,3.3,-6.31239,1.51178,0.000910282,-0.00256002,0.00292475,0.127682,0.0021196,-0.00201531,0.00292473,-1.06259e-05,0.0021097,0.00202568,0.00150527,0.0017158,0.00187655,0.373212,0.327418,0.29937
4.2,2,1,1,3,-6.3,1.5,-3.07,1.5,-4.45,3.3,-6.30928,1.50884,0.00310993,-0.00294006,0.00349836,0.127682,0.002533,-0.00241297,0.00349834,-9.54695e-06,0.00251944,0.00242713,0.00147314,0.00167327,0.00185339,0.3738,0.329091,0.297109
4.3,2,1,1,3,-6.3,1.5,-3.07,1.5,-4.45,3.3,-6.31133,1.50865,-0.00204992,-0.00019002,0.00316919,0.127682,0.00251896,-0.00192318,0.00316918,-8.45741e-06,0.00228347,0.00219762,0.00149559,0.00169394,0.00186435,0.372424,0.328816,0.298761
4.4,2,1,1,3,-6.3,1.5,-3.07,1.5,-4.45,3.3,-6.30794,1.51414,0.00338984,0.00549006,0.00425549,0.127682,0.00208352,-0.00371054,0.00425545,-1.85835e-05,0.00306801,0.00294898,0.00154536,0.00171828,0.00187047,0.366898,0.329975,0.303127
4.5,2,1,1,3,-6.3,1.5,-3.07,1.5,-4.45,3.3,-6.30794,1.51414,0,0,0.00322614,0.127682,0.00157954,-0.002813,0.0032261,-1.40883e-05,0.00232589,0.00223566,0.00126501,0.00145466,0.00162656,0.377737,0.328489,0.293774
4.6,2,1,1,3,-6.3,1.5,-3.07,1.5,-4.45,3.3,-6.30425,1.51449,0.00369024,0.000349998,0.0018534,0.127682,0.00052159,-0.00177849,0.00185338,-8.30348e-06,0.00133507,0.00128557,0.001219,0.00133864,0.00149527,0.366857,0.334069,0.299075
4.7,2,1,1,3,-6.3,1.5,-3.07,1.5,-4.45,3.3,-6.30506,1.51496,-0.000810146,0.000470042,0.00232172,0.127682,0.000743848,-0.00219933,0.00232169,-1.07363e-05,0.00167297,0.00160982,0.00118305,0.00122426,0.00130999,0.348499,0.33677,0.314731
4.8,2,1,1,3,-6.3,1.5,-3.07,1.5,-4.45,3.3,-6.30717,1.52307,-0.00211,0.00810993,0.00465827,0.127682,0.00138248,-0.0044484,0.00465816,-3.31968e-05,0.00336581,0.00322038,0.00128259,0.00130307,0.00133616,0.339651,0.334314,0.326035
4.9,2,1,1,3,-6.3,1.5,-3.07,1.5,-4.45,3.3,-6.31739,1.49386,-0.0102201,-0.02921,0.0196631,0.127682,0.0185413,0.00654658,0.0196631,3.71779e-05,0.0141338,0.0136702,0.00199516,0.00228652,0.00246074,0.372665,0.325179,0.302156
5,2,1,1,3,-6.3,1.5,-3.07,1.5,-4.45,3.3,-6.31915,1.5061,-0.00176001,0.0122401,0.0216561,0.127682,0.0206345,-0.00657301,0.0216561,-4.06578e-05,0.0156245,0.0149954,0.00243316,0.00287782,0.00267444,0.362941,0.306862,0.330197
5.1,2,1,1,3,-6.3,1.5,-3.07,1.5,-4.45,3.3,-6.30294,1.49261,0.0162101,-0.0134901,0.0167275,0.127682,0.00618286,0.0155429,0.0167275,3.82365e-05,0.0119744,0.01168,0.00249705,0.00307213,0.00345354,0.394345,0.320527,0.285128
5.2,2,1,1,3,-6.3,1.5,-3.07,1.5,-4.45,3.3,-6.27433,1.47864,0.0286098,-0.01397,0.0264637,0.127682,-0.0203423,0.0169268,0.0264631,0.000176403,0.0187279,0.0186974,0.0038692,0.00340093,0.00436254,0.330622,0.376144,0.293233
5.3,2,1,1,3,-6.3,1.5,-3.07,1.5,-4.45,3.3,-6.17497,1.49374,0.09936,0.0151,0.0661696,0.127682,-0.0660868,0.00330885,0.0661694,0.000133407,0.0456998,0.0478534,0.0181752,0.00890679,0.0108493,0.212051,0.432712,0.355237
5.4,2,1,1,3,-6.3,1.5,-3.07,1.5,-4.45,3.3,-6.10496,1.43179,0.0700102,-0.06195,0.0969923,0.127682,-0.0915549,0.0320188,0.0969678,0.00217933,0.064315,0.0726023,0.0409006,0.0127456,0.023485,0.168051,0.539277,0.292672
5.5,2,1,1,3,-6.3,1.5,-3.07,1.5,-4.45,3.3,-6.02971,1.42294,0.0752501,-0.00884998,0.0846263,0.127682,-0.0813834,0.0232025,0.0845976,0.00220261,0.0544912,0.0647481,0.0703767,0.0133208,0.0302209,0.116118,0.613475,0.270408
5.6,2,1,1,3,-6.3,1.5,-3.07,1.5,-4.45,3.3,-5.8948,1.43225,0.13491,0.00931001,0.1055,0.13523,-0.104055,0.0173982,0.105469,0.00252957,0.0645505,0.083447,0.186715,0.0282231,0.068977,0.0968749,0.640893,0.262232
5.7,2,1,1,3,-6.3,1.5,-3.07,1.5,-4.45,3.3,-5.84399,1.42452,0.0508103,-0.00773001,0.0933127,0.13523,-0.0920601,0.015238,0.0932782,0.00253809,0.0556646,0.0748914,0.32766,0.0462109,0.11623,0.0916622,0.649935,0.258403
5.8,2,1,1,3,-6.3,1.5,-3.07,1.5,-4.45,3.3,-5.80168,1.40621,0.0423098,-0.0183101,0.0487484,0.13523,-0.0479072,0.00901674,0.0487197,0.00167275,0.0283202,0.0396784,0.487673,0.0671455,0.172291,0.0901434,0.654704,0.255152
5.9,2,1,1,3,-6.3,1.5,-3.07,1.5,-4.45,3.3,-5.72373,1.3915,0.07795,-0.0147099,0.0627138,0.13523,-0.0616309,0.0116039,0.0626615,0.00256197,0.0348138,0.0521634,0.66334,0.0881303,0.232537,0.0878778,0.66144,0.250682
6,2,1,1,3,-6.3,1.5,-3.07,1.5,-4.45,3.3,-5.63221,1.36995,0.0915203,-0.0215499,0.0866745,0.13523,-0.0850762,0.0165683,0.0865631,0.00439368,0.0452727,0.0739112,0.863117,0.109921,0.301178,0.0853392,0.670095,0.244566
6.1,2,1,1,3,-6.3,1.5,-3.07,1.5,-4.45,3.3,-5.52257,1.35976,0.10964,-0.01019,0.102068,0.13523,-0.100446,0.0181195,0.101901,0.0058268,0.0493805,0.0893274,1.10146,0.132247,0.380222,0.0817953,0.681254,0.236951
6.2,2,1,1,3,-6.3,1.5,-3.07,1.5,-4.45,3.3,-5.41378,1.34976,0.10879,-0.00999999,0.10968,0.13523,-0.108137,0.0183324,0.109456,0.00701628,0.0485926,0.0983287,1.38299,0.154534,0.471728,0.0776323,0.694768,0.227599
6.3,2,1,1,3,-6.3,1.5,-3.07,1.5,-4.45,3.3,-5.32653,1.34195,0.0872502,-0.00781,0.0984238,0.13523,-0.0971517,0.0157733,0.0981833,0.00687687,0.0402144,0.0898335,1.68906,0.171996,0.569479,0.0725358,0.712325,0.215139
6.4,2,1,1,3,-6.3,1.5,-3.07,1.5,-4.45,3.3,-5.15235,1.35435,0.17418,0.0123999,0.13111,0.174621,-0.130067,0.016507,0.13079,0.00914814,0.044517,0.123321,2.04597,0.191396,0.678526,0.0680037,0.726943,0.205053
6.5,2,1,1,3,-6.3,1.5,-3.07,1.5,-4.45,3.3,-5.0463,1.36105,0.10605,0.00670004,0.140441,0.174621,-0.139586,0.0154706,0.140095,0.00984984,0.0412828,0.134237,2.42924,0.21082,0.798204,0.0642417,0.740246,0.195512
6.6,2,1,1,3,-6.3,1.5,-3.07,1.5,-4.45,3.3,-4.93178,1.3626,0.11452,0.00154996,0.110396,0.174621,-0.109844,0.0110308,0.110097,0.00812517,0.0266412,0.107133,2.8303,0.228385,0.931312,0.060858,0.754192,0.18495
6.7,2,1,1,3,-6.3,1.5,-3.07,1.5,-4.45,3.3,-4.73898,1.36799,0.1928,0.00539005,0.153703,0.192875,-0.153156,0.0129519,0.153224,0.0121195,0.0227372,0.152012,3.29837,0.249705,1.09388,0.0580574,0.766882,0.17506
6.8,2,1,1,3,-6.3,1.5,-3.07,1.5,-4.45,3.3,-4.54226,1.38044,0.19672,0.01245,0.194994,0.197113,-0.194545,0.0132328,0.194354,0.0157832,0.00936126,0.194769,3.86967,0.269885,1.29733,0.0545821,0.78261,0.162808
6.9,2,1,1,3,-6.3,1.5,-3.07,1.5,-4.45,3.3,-4.29853,1.37437,0.24373,-0.00607002,0.220459,0.243806,-0.220026,0.0138108,0.219316,0.0224273,-0.0172879,0.219781,4.61702,0.291857,1.59062,0.0507045,0.802118,0.147178
7,2,1,1,3,-6.3,1.5,-3.07,1.5,-4.45,3.3,-4.19539,1.3516,0.10314,-0.0227699,0.174715,0.243806,-0.174282,0.0122889,0.173215,0.0228411,-0.0226386,0.173242,5.4456,0.327954,1.9486,0.0490211,0.813983,0.136996
7.1,2,1,1,3,-6.3,1.5,-3.07,1.5,-4.45,3.3,-3.96783,1.31453,0.22756,-0.03707,0.168092,0.243806,-0.167563,0.0133257,0.164616,0.0340057,-0.039668,0.163344,6.39945,0.369849,2.40219,0.0476943,0.825248,0.127058
7.2,2,1,1,3,-6.3,1.5,-3.07,1.5,-4.45,3.3,-3.75827,1.28743,0.20956,-0.0271,0.220932,0.243806,-0.220164,0.0184127,0.211094,0.0651957,-0.0718122,0.208936,7.4526,0.4172,2.94077,0.0467342,0.83483,0.118436
7.3,2,1,1,3,-6.3,1.5,-3.07,1.5,-4.45,3.3,-3.63846,1.26674,0.11981,-0.0206901,0.166444,0.243806,-0.165809,0.0145316,0.153985,0.0631855,-0.0617002,0.154586,8.58399,0.479547,3.55603,0.0469173,0.839828,0.113255
7.4,2,1,1,3,-6.3,1.5,-3.07,1.5,-4.45,3.3,-3.54979,1.25575,0.08867,-0.01099,0.105466,0.243806,-0.105052,0.00932986,0.0939879,0.0478471,-0.0425045,0.0965217,9.70716,0.545857,4.19738,0.0474023,0.842972,0.109626
7.5,2,1,1,3,-6.3,1.5,-3.07,1.5,-4.45,3.3,-3.53107,1.26989,0.0187199,0.01414,0.0564043,0.243806,-0.0562105,0.00467134,0.0504681,0.0251875,-0.0232595,0.0513852,10.7898,0.618349,4.83188,0.0483501,0.843682,0.107968
7.6,2,1,1,3,-6.3,1.5,-3.07,1.5,-4.45,3.3,-3.49292,1.2997,0.0381501,0.0298101,0.0359378,0.243806,-0.0358467,0.00255785,0.0324793,0.0153826,-0.015511,0.0324181,11.8173,0.690292,5.44765,0.049289,0.843791,0.10692
7.7,2,1,1,3,-6.3,1.5,-3.07,1.5,-4.45,3.3,-3.32662,1.39413,0.1663,0.09443,0.119828,0.243806,-0.119752,0.00426388,0.110771,0.0456992,-0.0608468,0.10323,0.986119,0.0902518,0.615706,0.0739212,0.807686,0.118393
7.79999,2,1,1,3,-6.3,1.5,-3.07,1.5,-4.45,3.3,-3.29443,1.43924,0.0321901,0.04511,0.123329,0.243806,-0.123304,0.00249268,0.119043,0.0322286,-0.065064,0.104769,0.88846,0.0945351,0.577993,0.0837847,0.787426,0.12879
7.89999,2,1,1,3,-6.3,1.5,-3.07,1.5,-4.45,3.3,-3.24373,1.49859,0.0506999,0.05935,0.0667374,0.243806,-0.0667373,3.07892e-05,0.0701021,0.0229511,-0.0371327,0.055453,0.729513,0.097026,0.498192,0.10017,0.75315,0.146681
7.99999,2,1,1,3,-6.3,1.5,-3.07,1.5,-4.45,3.3,-3.24893,1.51802,-0.00519991,0.01943,0.0490855,0.243806,-0.0490846,-0.0002899,0.0498454,0.00154754,-0.0274343,0.0407031,0.627901,0.0871692,0.427175,0.103379,0.744665,0.151956
8.09999,2,1,1,3,-6.3,1.5,-3.07,1.5,-4.45,3.3,-3.26195,1.52053,-0.01302,0.00250995,0.0166868,0.243806,-0.0166864,-0.00011276,0.0165922,-0.00177461,-0.00926554,0.013878,0.465296,0.0845794,0.322011,0.125845,0.692312,0.181843
8.2,2,1,1,3,-6.3,1.5,-3.07,1.5,-4.45,3.3,-3.21994,1.47223,0.0420101,-0.0483,0.0386367,0.243806,-0.0386351,0.000348337,0.0379906,0.00703615,-0.0215718,0.0320539,0.327208,0.0816363,0.230123,0.155521,0.623347,0.221132
8.3,2,1,1,3,-6.3,1.5,-3.07,1.5,-4.45,3.3,-3.13486,1.49458,0.0850799,0.0223501,0.0759901,0.243806,-0.07599,0.000130125,0.0757261,0.00632798,-0.0447421,0.0614218,0.225886,0.0683791,0.152145,0.172768,0.570728,0.256505
8.4,2,1,1,3,-6.3,1.5,-3.07,1.5,-4.45,3.3,-3.13486,1.49458,0,0,0.0439833,0.243806,-0.0439832,7.53166e-05,0.0438305,0.00366265,-0.0258969,0.0355511,0.16625,0.0643856,0.107893,0.195199,0.504023,0.300778
8.5,2,1,1,3,-6.3,1.5,-3.07,1.5,-4.45,3.3,-3.01774,1.58055,0.11712,0.0859699,0.0726428,0.243806,-0.072621,-0.00178219,-0.0395376,-0.0609406,-0.0452704,0.0623655,0.184239,0.06973,0.120353,0.193311,0.510764,0.295925
8.6,2,1,1,3,-6.3,1.5,-3.07,1.5,-4.45,3.3,-2.99508,1.60277,0.02266,0.02222,0.0885111,0.243806,-0.0884683,-0.00275102,-0.0521408,-0.0715231,-0.0576057,0.0671997,0.184358,0.0803411,0.122343,0.208265,0.477903,0.313833
8.7,2,1,1,3,-6.3,1.5,-3.07,1.5,-4.45,3.3,-2.98607,1.59484,0.00901008,-0.00792992,0.0218696,0.243806,-0.0218607,-0.000625621,-0.0144934,-0.0163774,-0.0142458,0.0165933,0.144583,0.0639682,0.0955245,0.209476,0.473466,0.317057
8.8,2,1,1,3,-6.3,1.5,-3.07,1.5,-4.45,3.3,-2.99619,1.56857,-0.0101202,-0.02627,0.0200773,0.243806,-0.020073,-0.000416612,-0.0147093,-0.0136651,-0.0129105,0.0153759,0.120624,0.0579098,0.0853451,0.222404,0.463258,0.314338
8.9,2,1,1,3,-6.3,1.5,-3.07,1.5,-4.45,3.3,-3.036,1.46286,-0.0398099,-0.10571,0.0705548,0.243806,-0.0705503,0.000802769,-0.0476413,0.0520412,-0.0430336,0.0559115,0.0985902,0.0616058,0.0852662,0.266198,0.426007,0.307795
9,2,1,1,3,-6.3,1.5,-3.07,1.5,-4.45,3.3,-3.04042,1.41734,-0.00442004,-0.0455199,0.0793459,0.243806,-0.0793204,0.00201149,-0.0267338,0.0747066,-0.0475554,0.0635158,0.100946,0.0673092,0.0947282,0.280475,0.420639,0.298885
9.1,2,1,1,3,-6.3,1.5,-3.07,1.5,-4.45,3.3,-3.06205,1.37646,-0.02163,-0.0408801,0.0459919,0.243806,-0.0459585,0.00175349,-0.00295348,0.045897,-0.0269116,0.0372964,0.104805,0.0767426,0.104632,0.296971,0.405566,0.297462
9.2,2,1,1,3,-6.3,1.5,-3.07,1.5,-4.45,3.3,-3.08127,1.36734,-0.0192199,-0.00911999,0.0337618,0.243806,-0.0337332,0.00139031,0.00285792,0.0336406,-0.0195127,0.0275521,0.0998713,0.0772233,0.100351,0.30409,0.393273,0.302637
9.3,2,1,1,3,-6.3,1.5,-3.07,1.5,-4.45,3.3,-3.07733,1.36288,0.00393987,-0.00445998,0.0136124,0.243806,-0.0136001,0.000578665,0.000726657,0.013593,-0.00787029,0.0111066,0.0855353,0.0762243,0.0904568,0.325972,0.365791,0.308237
9.4,2,1,1,3,-6.3,1.5,-3.07,1.5,-4.45,3.3,-3.0918,1.37284,-0.0144699,0.00996006,0.0117587,0.243806,-0.0117495,0.000465701,0.0019869,0.0115896,-0.00677389,0.00961152,0.0798496,0.0706939,0.0847271,0.325527,0.367686,0.306787
9.5,2,1,1,3,-6.3,1.5,-3.07,1.5,-4.45,3.3,-3.12009,1.38489,-0.02829,0.0120499,0.0241579,0.243806,-0.0241421,0.000873924,0.00963923,0.0221515,-0.0137794,0.0198427,0.0469252,0.059465,0.0622001,0.393152,0.310245,0.296603
9.6,2,1,1,3,-6.3,1.5,-3.07,1.5,-4.45,3.3,-3.12312,1.39838,-0.00303006,0.0134901,0.0222878,0.243806,-0.0222764,0.000712563,0.010325,0.019752,-0.0127538,0.0182781,0.0378755,0.0489163,0.0561298,0.408317,0.316157,0.275526
9.7,2,1,1,3,-6.3,1.5,-3.07,1.5,-4.45,3.3,-3.13987,1.41175,-0.0167499,0.0133699,0.0176289,0.243806,-0.017622,0.000492114,0.0109428,0.0138214,-0.0100495,0.014484,0.0285374,0.0419065,0.0460878,0.434749,0.296055,0.269196
9.8,2,1,1,3,-6.3,1.5,-3.07,1.5,-4.45,3.3,-3.16421,1.41597,-0.0243402,0.00422001,0.0230674,0.243806,-0.0230591,0.000617918,0.0172147,0.0153545,-0.0130032,0.0190532,0.027801,0.0431266,0.0445431,0.440767,0.284134,0.275099
9.9,2,1,1,3,-6.3,1.5,-3.07,1.5,-4.45,3.3,-3.19759,1.41987,-0.03338,0.00390005,0.0291552,0.243806,-0.0291455,0.000752778,0.0246899,0.0155059,-0.0161634,0.0242646,0.016442,0.0367153,0.0298025,0.500119,0.223966,0.275915
10,2,1,1,3,-6.3,1.5,-3.07,1.5,-4.45,3.3,-3.22422,1.43242,-0.0266299,0.01255,0.0315231,0.243806,-0.0315154,0.000692447,0.0288726,0.0126521,-0.0172971,0.0263536,0.0100685,0.0279715,0.01827,0.523271,0.188355,0.288374
10.1,2,1,1,3,-6.3,1.5,-3.07,1.5,-4.45,3.3,-3.22782,1.44292,-0.00359988,0.0105,0.0202695,0.243806,-0.020266,0.000376535,0.0190611,0.00689397,-0.0111431,0.0169317,0.00577615,0.0156443,0.0071383,0.459054,0.169491,0.371456
10.2,2,1,1,3,-6.3,1.5,-3.07,1.5,-4.45,3.3,-3.26158,1.4676,-0.0337601,0.02468,0.0264596,0.243806,-0.0264581,0.000282134,0.0263502,0.00627219,-0.0143977,0.0221995,0.00571571,0.0154593,0.00549622,0.414996,0.153435,0.431569
10.3,2,1,1,3,-6.3,1.5,-3.07,1.5,-4.45,3.3,-3.29711,1.48652,-0.0355301,0.0189201,0.0410364,0.243806,-0.041036,0.00018421,0.0409643,0.00243141,-0.0220159,0.0346307,0.00469191,0.0179956,0.00437876,0.428772,0.111792,0.459436
10.4,2,1,1,3,-6.3,1.5,-3.07,1.5,-4.45,3.3,-3.3148,1.51129,-0.0176899,0.0247699,0.0353459,0.243806,-0.0353457,-0.000133676,0.0363929,0.00556163,-0.0189399,0.0298432,0.00575263,0.0216908,0.00444984,0.390933,0.10368,0.505387
10.5,2,1,1,3,-6.3,1.5,-3.07,1.5,-4.45,3.3,-3.38169,1.53286,-0.06689,0.0215701,0.05036,0.243806,-0.0503568,-0.000567016,0.0505633,-0.00215916,-0.0260538,0.0430968,0.0115636,0.0523882,0.00979845,0.416515,0.0919368,0.491548
10.6,2,1,1,3,-6.3,1.5,-3.07,1.5,-4.45,3.3,-3.4341,1.52248,-0.0524099,-0.01038,0.0618549,0.243806,-0.061853,-0.000485172,0.0617373,-0.00381174,-0.0306926,0.0537028,0.0168702,0.0935212,0.0185456,0.478458,0.0863083,0.435234
10.7,2,1,1,3,-6.3,1.5,-3.07,1.5,-4.45,3.3,-3.45419,1.50219,-0.0200901,-0.02029,0.0409907,0.243806,-0.0409906,-3.15444e-05,0.04099,-0.000233655,-0.0198615,0.0358574,0.0241223,0.140848,0.03284,0.524712,0.089865,0.385423
10.8,2,1,1,3,-6.3,1.5,-3.07,1.5,-4.45,3.3,-3.48899,1.48005,-0.0348001,-0.02214,0.0348997,0.243806,-0.0348988,0.00024768,0.0348602,0.00165985,-0.0162961,0.0308614,0.0318426,0.193061,0.0504117,0.556611,0.0918048,0.351584
10.9,2,1,1,3,-6.3,1.5,-3.07,1.5,-4.45,3.3,-3.65348,1.45726,-0.16449,-0.02279,0.103654,0.243806,-0.10364,0.00167374,0.103377,0.00757235,-0.0411264,0.0951456,0.0567702,0.282922,0.0921784,0.5505,0.110462,0.339038
11,2,1,1,3,-6.3,1.5,-3.07,1.5,-4.45,3.3,-3.84912,1.45186,-0.19564,-0.00540006,0.180888,0.243806,-0.180853,0.0035523,0.180543,0.0111554,-0.0559296,0.172024,0.0900663,0.459719,0.167682,0.577021,0.113047,0.309932
11.1,2,1,1,3,-6.3,1.5,-3.07,1.5,-4.45,3.3,-4.01715,1.45669,-0.16803,0.00483,0.181907,0.243806,-0.181874,0.0034505,0.181717,0.00830932,-0.0415846,0.17709,0.122653,0.757001,0.283267,0.626952,0.101582,0.271466
11.2,2,1,1,3,-6.3,1.5,-3.07,1.5,-4.45,3.3,-4.08518,1.47105,-0.0680299,0.0143601,0.118814,0.243806,-0.118804,0.00155289,0.118766,0.00338686,-0.023242,0.116519,0.167546,1.11359,0.425461,0.647561,0.0974298,0.255009
11.3,2,1,1,3,-6.3,1.5,-3.07,1.5,-4.45,3.3,-4.09972,1.47715,-0.0145402,0.00609994,0.0426484,0.243806,-0.0426461,0.000442882,0.0426379,0.000946158,-0.0080481,0.0418822,0.222902,1.48396,0.579466,0.651519,0.0978629,0.250618
11.4,2,1,1,3,-6.3,1.5,-3.07,1.5,-4.45,3.3,-4.21524,1.50833,-0.11552,0.03118,0.0677109,0.243806,-0.0677104,-0.000270547,0.0678453,0.000652809,-0.00879687,0.0671371,0.283363,1.87632,0.74502,0.653013,0.0986183,0.248369
11.5,2,1,1,3,-6.3,1.5,-3.07,1.5,-4.45,3.3,-4.33674,1.52305,-0.1215,0.01472,0.121021,0.243806,-0.121013,-0.00142077,0.121001,-0.00220177,-0.00769807,0.120776,0.345476,2.29381,0.923655,0.655891,0.0987852,0.245324
11.6,2,1,1,3,-6.3,1.5,-3.07,1.5,-4.45,3.3,-4.63729,1.52968,-0.30055,0.00663006,0.211506,0.300623,-0.211472,-0.00377486,0.199342,-0.00375275,0.022252,0.210332,0.439788,2.87841,1.19753,0.65788,0.100516,0.241604
11.7,2,1,1,3,-6.3,1.5,-3.07,1.5,-4.45,3.3,-4.75113,1.52707,-0.11384,-0.00260997,0.207247,0.300623,-0.207215,-0.00362155,0.20722,-0.00333671,0.0347036,0.20432,0.541496,3.55413,1.52968,0.663856,0.101143,0.235001
11.8,2,1,1,3,-6.3,1.5,-3.07,1.5,-4.45,3.3,-4.78925,1.5316,-0.0381198,0.00452995,0.076129,0.300623,-0.0761124,-0.00159202,0.0761162,-0.00139902,0.0143431,0.0747657,0.671336,4.28388,1.90346,0.662513,0.103824,0.233663
11.9,2,1,1,3,-6.3,1.5,-3.07,1.5,-4.45,3.3,-4.81964,1.52534,-0.0303903,-0.00626004,0.0347082,0.300623,-0.0347031,-0.000594028,0.0347045,-0.000502624,0.0070774,0.0339789,0.785965,4.98466,2.26097,0.66432,0.104748,0.230933
12,2,1,1,3,-6.3,1.5,-3.07,1.5,-4.45,3.3,-4.85852,1.53232,-0.0388799,0.00698006,0.0352649,0.300623,-0.035256,-0.00079049,0.0352591,-0.000637161,0.00794061,0.0343593,0.892154,5.60132,2.58734,0.664853,0.105895,0.229252
12.1,2,1,1,3,-6.3,1.5,-3.07,1.5,-4.45,3.3,-4.88597,1.55475,-0.0274501,0.0224299,0.0374751,0.300623,-0.037447,-0.00144991,0.0374581,-0.00112933,0.00908233,0.0363578,0.998777,6.10091,2.87458,0.661743,0.108334,0.229924
12.2,2,1,1,3,-6.3,1.5,-3.07,1.5,-4.45,3.3,-4.90551,1.57339,-0.0195398,0.01864,0.0312267,0.300623,-0.0311836,-0.00164115,0.0312018,-0.00124755,0.00796562,0.0301937,1.09304,6.54173,3.13577,0.659778,0.110241,0.229981
12.3,2,1,1,3,-6.3,1.5,-3.07,1.5,-4.45,3.3,-4.9188,1.58053,-0.0132899,0.00714004,0.0210456,0.300623,-0.0210099,-0.00122497,0.0210257,-0.000915837,0.00553586,0.0203045,1.17682,6.96682,3.38568,0.659411,0.111386,0.229203
12.4,2,1,1,3,-6.3,1.5,-3.07,1.5,-4.45,3.3,-4.9164,1.6198,0.00239992,0.0392699,0.0272148,0.300623,-0.0271134,-0.00234763,0.0271577,-0.00176208,0.00727922,0.0262233,1.25652,7.36795,3.62429,0.659094,0.112401,0.228505
12.5,2,1,1,3,-6.3,1.5,-3.07,1.5,-4.45,3.3,-4.96182,1.64529,-0.0454202,0.02549,0.0457136,0.300623,-0.0454465,-0.00493425,0.0455793,-0.00350045,0.0135083,0.0436721,1.33422,7.73903,3.85024,0.658357,0.113502,0.228141
12.6,2,1,1,3,-6.3,1.5,-3.07,1.5,-4.45,3.3,-5.09188,1.67766,-0.13006,0.03237,0.0930557,0.300623,-0.0920655,-0.0135387,0.0926985,-0.0081453,0.0342353,0.0865292,1.38817,7.96447,3.99813,0.657245,0.114555,0.2282
12.7,2,1,1,3,-6.3,1.5,-3.07,1.5,-4.45,3.3,-5.18031,1.70415,-0.0884299,0.02649,0.11317,0.300623,-0.111334,-0.0202993,0.112644,-0.0108971,0.047093,0.102906,1.43421,8.12583,4.1008,0.655206,0.115644,0.22915
12.8,2,1,1,3,-6.3,1.5,-3.07,1.5,-4.45,3.3,-5.24581,1.71359,-0.0655003,0.00944006,0.0792447,0.300623,-0.0776666,-0.0157361,0.0788656,-0.0077419,0.0355323,0.070832,1.45457,8.25908,4.17967,0.656114,0.115553,0.228334
12.9,2,1,1,3,-6.3,1.5,-3.07,1.5,-4.45,3.3,-5.3476,1.7474,-0.10179,0.03381,0.0867176,0.300623,-0.083932,-0.0218026,0.0862105,-0.00936445,0.0434025,0.0750744,1.47585,8.41533,4.2702,0.657466,0.115304,0.22723
13,2,1,1,3,-6.3,1.5,-3.07,1.5,-4.45,3.3,-5.39151,1.74824,-0.04391,0.000839949,0.0755881,0.300623,-0.0729151,-0.0199236,0.0751596,-0.00803685,0.0392094,0.0646234,1.49917,8.58315,4.37103,0.658916,0.115089,0.225994
13.1,2,1,1,3,-6.3,1.5,-3.07,1.5,-4.45,3.3,-5.44046,1.74374,-0.0489502,-0.00450003,0.0465373,0.300623,-0.044772,-0.012696,0.0462933,-0.00476005,0.0249868,0.0392605,1.52271,8.76191,4.48301,0.660743,0.114828,0.224429
13.2,2,1,1,3,-6.3,1.5,-3.07,1.5,-4.45,3.3,-5.51433,1.69301,-0.0738697,-0.05073,0.0693842,0.300623,-0.0673807,-0.0165529,0.0691689,-0.00546173,0.0383129,0.0578471,1.54781,8.95359,4.61173,0.662912,0.114598,0.22249
13.3,2,1,1,3,-6.3,1.5,-3.07,1.5,-4.45,3.3,-5.61176,1.68218,-0.0974302,-0.0108299,0.093821,0.300623,-0.0906973,-0.024008,0.093581,-0.00670739,0.0547248,0.0762075,1.57345,9.17101,4.7626,0.665804,0.114231,0.219966
13.4,2,1,1,3,-6.3,1.5,-3.07,1.5,-4.45,3.3,-5.76623,1.67381,-0.15447,-0.00837004,0.126363,0.300623,-0.120154,-0.0391253,0.126102,-0.00812903,0.0795,0.0982215,1.60122,9.44799,4.96403,0.670223,0.113587,0.21619
13.5,2,1,1,3,-6.3,1.5,-3.07,1.5,-4.45,3.3,-5.81832,1.65674,-0.0520897,-0.0170701,0.104756,0.300623,-0.0996147,-0.0324149,0.104586,-0.00596466,0.0670324,0.0805014,1.63299,9.7508,5.19328,0.674802,0.113011,0.212187
13.6,2,1,1,3,-6.3,1.5,-3.07,1.5,-4.45,3.3,-5.85943,1.64426,-0.04111,-0.0124799,0.048889,0.300623,-0.0464616,-0.0152134,0.0488237,-0.002525,0.0316896,0.0372277,1.66004,10.0427,5.42214,0.679599,0.112336,0.208065
13.7,2,1,1,3,-6.3,1.5,-3.07,1.5,-4.45,3.3,-5.9197,1.59666,-0.0602703,-0.0476,0.0598814,0.300623,-0.0580361,-0.0147509,0.059847,-0.00202997,0.0391188,0.0453376,1.6867,10.3146,5.64799,0.683918,0.111838,0.204244
13.8,2,1,1,3,-6.3,1.5,-3.07,1.5,-4.45,3.3,-5.95444,1.58296,-0.03474,-0.0137,0.057072,0.300623,-0.0554951,-0.0133229,0.0570484,-0.00164078,0.0376109,0.0429259,1.71093,10.5634,5.86138,0.687821,0.111405,0.200774
13.9,2,1,1,3,-6.3,1.5,-3.07,1.5,-4.45,3.3,-5.99431,1.59964,-0.0398698,0.01668,0.040281,0.300623,-0.0382979,-0.0124832,0.0402577,-0.0013717,0.0270818,0.0298184,1.73326,10.7876,6.06122,0.691261,0.111066,0.197673
14,2,1,1,3,-6.3,1.5,-3.07,1.5,-4.45,3.3,-6.03727,1.62425,-0.0429602,0.02461,0.0463641,0.300623,-0.0419134,-0.0198216,0.0463235,-0.00193973,0.0318837,0.033661,0.0226174,0.215731,0.192646,0.818167,0.0857771,0.0960561
14.1,2,1,1,3,-6.3,1.5,-3.07,1.5,-4.45,3.3,-6.09849,1.61837,-0.0612202,-0.00588,0.0555059,0.300623,-0.0478596,-0.0281135,0.0554636,-0.00216782,0.0388561,0.0396372,0.0223723,0.211897,0.190328,0.817576,0.0863207,0.0961031
14.2,2,1,1,3,-6.3,1.5,-3.07,1.5,-4.45,3.3,-6.11742,1.60541,-0.01893,-0.0129601,0.0422216,0.300623,-0.0365652,-0.0211104,0.0421964,-0.00145957,0.029613,0.0300955,0.0211456,0.200995,0.178562,0.817243,0.0859777,0.0967791
14.3,2,1,1,3,-6.3,1.5,-3.07,1.5,-4.45,3.3,-6.13486,1.61886,-0.0174398,0.01345,0.0224826,0.300623,-0.0182476,-0.0131337,0.0224657,-0.000871256,0.0159152,0.01588,0.0217701,0.17699,0.157911,0.793106,0.0975535,0.10934
14.4,2,1,1,3,-6.3,1.5,-3.07,1.5,-4.45,3.3,-6.16326,1.62568,-0.0283999,0.00681996,0.0256156,0.300623,-0.0188596,-0.0173342,0.0255945,-0.00103991,0.01832,0.0179036,0.0179598,0.118104,0.109041,0.759431,0.115485,0.125084
14.5,2,1,1,3,-6.3,1.5,-3.07,1.5,-4.45,3.3,-6.17615,1.64264,-0.0128899,0.01696,0.0252549,0.300623,-0.0165577,-0.0190697,0.0252283,-0.00115853,0.0182172,0.0174912,0.0140524,0.0880773,0.0794078,0.748217,0.119375,0.132408
14.6,2,1,1,3,-6.3,1.5,-3.07,1.5,-4.45,3.3,-6.18626,1.64081,-0.0101104,-0.00182998,0.0157885,0.300623,-0.00992097,-0.0122822,0.0157724,-0.000712686,0.0114146,0.0109079,0.010571,0.0680568,0.0602432,0.751429,0.116716,0.131854
14.7,2,1,1,3,-6.3,1.5,-3.07,1.5,-4.45,3.3,-6.19467,1.63889,-0.00840998,-0.00191998,0.00945051,0.300623,-0.00571056,-0.00753005,0.00944119,-0.000419656,0.00684441,0.0065166,0.00944105,0.0547098,0.0451484,0.723758,0.124896,0.151346
14.8,2,1,1,3,-6.3,1.5,-3.07,1.5,-4.45,3.3,-6.20399,1.64471,-0.00931978,0.00581992,0.00980703,0.300623,-0.00542185,-0.008172,0.0097966,-0.000452351,0.00713239,0.00673104,0.00908848,0.0460178,0.0364696,0.691225,0.136516,0.172258
14.9,2,1,1,3,-6.3,1.5,-3.07,1.5,-4.45,3.3,-6.20273,1.63409,0.0012598,-0.01062,0.0108411,0.300623,-0.00636572,-0.00877535,0.0108312,-0.000463605,0.00785795,0.00746871,0.00799479,0.0364653,0.0301131,0.67352,0.147665,0.178815
15,2,1,1,3,-6.3,1.5,-3.07,1.5,-4.45,3.3,-6.20589,1.63026,-0.00316,-0.00382996,0.00782988,0.300623,-0.00458539,-0.00634675,0.00782313,-0.000324961,0.005674,0.00539562,0.00663187,0.0290721,0.0254291,0.671629,0.153211,0.17516
15.1,2,1,1,3,-6.3,1.5,-3.07,1.5,-4.45,3.3,-6.20824,1.63065,-0.00234985,0.000390053,0.00367365,0.300623,-0.00211141,-0.00300627,0.00367047,-0.000152808,0.00266413,0.00252945,0.00611514,0.0175949,0.0152867,0.57222,0.198876,0.228904
15.2,2,1,1,3,-6.3,1.5,-3.07,1.5,-4.45,3.3,-6.21512,1.63369,-0.00687981,0.00303996,0.00495176,0.300623,-0.00265413,-0.00418037,0.00494729,-0.000210295,0.00360075,0.00339919,0.00510788,0.0120656,0.00927238,0.506531,0.214437,0.279033
15.3,2,1,1,3,-6.3,1.5,-3.07,1.5,-4.45,3.3,-6.21524,1.63353,-0.000120163,-0.000159979,0.00386079,0.300623,-0.00206906,-0.00325956,0.00385732,-0.000163761,0.0028074,0.00265032,0.00357026,0.00831247,0.00680785,0.511786,0.219816,0.268398
15.4,2,1,1,3,-6.3,1.5,-3.07,1.5,-4.45,3.3,-6.21689,1.62229,-0.00164986,-0.01124,0.00578026,0.300623,-0.00324905,-0.00478071,0.0057759,-0.000224455,0.00419168,0.00398011,0.0031329,0.00581901,0.00497475,0.461222,0.248318,0.29046
15.5,2,1,1,3,-6.3,1.5,-3.07,1.5,-4.45,3.3,-6.21257,1.62445,0.00431967,0.00215995,0.00809502,0.300623,-0.00465343,-0.00662381,0.00808868,-0.000320322,0.00586704,0.00557738,0.00202663,0.00402177,0.00400313,0.497469,0.250682,0.251849
15.6,2,1,1,3,-6.3,1.5,-3.07,1.5,-4.45,3.3,-6.21368,1.62353,-0.0011096,-0.000919938,0.00313547,0.300623,-0.00179597,-0.00257015,0.00313305,-0.000123112,0.00227259,0.00216021,0.00173295,0.00285747,0.00291826,0.454485,0.275629,0.269887
15.7,2,1,1,3,-6.3,1.5,-3.07,1.5,-4.45,3.3,-6.21587,1.62512,-0.00219011,0.00159001,0.00207389,0.300623,-0.0011572,-0.00172102,0.00207225,-8.24192e-05,0.00150472,0.00142718,0.00164076,0.00230249,0.00238093,0.416368,0.296704,0.286929
15.8,2,1,1,3,-6.3,1.5,-3.07,1.5,-4.45,3.3,-6.21179,1.62521,0.00407982,9.0003e-05,0.00339362,0.300623,-0.00195448,-0.00277429,0.00339093,-0.000135139,0.00245961,0.00233815,0.00148021,0.00191564,0.00212759,0.405117,0.313033,0.28185
15.9,2,1,1,3,-6.3,1.5,-3.07,1.5,-4.45,3.3,-6.21139,1.62081,0.000400066,-0.00440001,0.00424949,0.300623,-0.00251329,-0.00342659,0.00424635,-0.000163304,0.00307575,0.00293222,0.00143776,0.00176652,0.00184168,0.38542,0.313691,0.300889
16,2,1,1,3,-6.3,1.5,-3.07,1.5,-4.45,3.3,-6.21112,1.62321,0.00026989,0.00239992,0.00341661,0.300623,-0.00199884,-0.00277089,0.00341398,-0.000133913,0.00247442,0.00235594,0.00144473,0.00158182,0.00160079,0.355134,0.324355,0.320512
16.1,2,1,1,3,-6.3,1.5,-3.07,1.5,-4.45,3.3,-6.21549,1.62128,-0.00436974,-0.00193,0.00359601,0.300623,-0.00205588,-0.00295037,0.00359334,-0.000138548,0.002606,0.00247792,0.00140067,0.00154163,0.00157656,0.357526,0.324836,0.317639
16.2,2,1,1,3,-6.3,1.5,-3.07,1.5,-4.45,3.3,-6.23085,1.62168,-0.0153604,0.000400066,0.0100713,0.300623,-0.00497604,-0.00875611,0.0100638,-0.000387416,0.00732933,0.00690735,0.00152961,0.00177966,0.00181232,0.36989,0.317919,0.31219
16.3,2,1,1,3,-6.3,1.5,-3.07,1.5,-4.45,3.3,-6.2302,1.60637,0.000650406,-0.01531,0.0153447,0.300623,-0.00841856,-0.0128292,0.015336,-0.000516199,0.0111173,0.0105767,0.00158164,0.00206528,0.00232403,0.408767,0.313043,0.27819
16.4,2,1,1,3,-6.3,1.5,-3.07,1.5,-4.45,3.3,-6.22427,1.61199,0.00592995,0.00562,0.0117469,0.300623,-0.00658027,-0.00973089,0.0117395,-0.000416803,0.00851064,0.00809687,0.00206403,0.00203839,0.0021627,0.337046,0.341285,0.321669
16.5,2,1,1,3,-6.3,1.5,-3.07,1.5,-4.45,3.3,-6.21909,1.59871,0.00517988,-0.01328,0.0112122,0.300623,-0.00710777,-0.00867144,0.0112067,-0.000351281,0.0080816,0.00777187,0.00210947,0.00223908,0.00262743,0.364302,0.343214,0.292484
16.6,2,1,1,3,-6.3,1.5,-3.07,1.5,-4.45,3.3,-6.17989,1.60393,0.0391998,0.00522006,0.0269002,0.300623,-0.020342,-0.0176018,0.0268852,-0.00089848,0.0192081,0.0188326,0.00440174,0.00296876,0.0035114,0.267648,0.396839,0.335513
16.7,2,1,1,3,-6.3,1.5,-3.07,1.5,-4.45,3.3,-6.13715,1.58883,0.0427403,-0.0151,0.0424376,0.300623,-0.0372555,-0.0203218,0.0424198,-0.00122855,0.0297951,0.0302193,0.00836992,0.00339056,0.00519635,0.196876,0.486008,0.317115
16.8,2,1,1,3,-6.3,1.5,-3.07,1.5,-4.45,3.3,-6.08609,1.57999,0.0510597,-0.00883996,0.0485743,0.300623,-0.0454974,-0.0170134,0.0485572,-0.00128779,0.0334779,0.0351951,0.0162706,0.00351908,0.00716573,0.126676,0.585692,0.287632
16.9,2,1,1,3,-6.3,1.5,-3.07,1.5,-4.45,3.3,-6.02777,1.5747,0.05832,-0.00529003,0.0551894,0.300623,-0.0532221,-0.0146041,0.0551718,-0.00139339,0.0372446,0.0407272,0.0271779,0.00360328,0.00937227,0.0873944,0.659177,0.253428
17,2,1,1,3,-6.3,1.5,-3.07,1.5,-4.45,3.3,-5.89292,1.55015,0.13485,-0.02455,0.097813,0.300623,-0.0970791,-0.0119596,0.0977976,-0.0017374,0.0622284,0.0754653,0.0887842,0.013069,0.0315243,0.094252,0.640299,0.265449
17.1,2,1,1,3,-6.3,1.5,-3.07,1.5,-4.45,3.3,-5.84958,1.53976,0.0433402,-0.01039,0.0908174,0.300623,-0.0904656,-0.00798568,0.0908081,-0.00129895,0.0565208,0.0710858,0.170104,0.0255114,0.061339,0.0957768,0.638617,0.265606
17.2,2,1,1,3,-6.3,1.5,-3.07,1.5,-4.45,3.3,-5.81008,1.52153,0.0394998,-0.01823,0.0440359,0.300623,-0.0439934,-0.00193334,0.0440345,-0.000345999,0.0267505,0.0349796,0.268232,0.0405135,0.0990936,0.0968274,0.641075,0.262097
17.3,2,1,1,3,-6.3,1.5,-3.07,1.5,-4.45,3.3,-5.66393,1.47745,0.14615,-0.04408,0.0980782,0.300623,-0.0980167,0.00347489,0.0980745,0.000852598,0.0543698,0.0816288,0.404216,0.0675445,0.156817,0.10458,0.625852,0.269569
17.4,2,1,1,3,-6.3,1.5,-3.07,1.5,-4.45,3.3,-5.57987,1.48135,0.0840597,0.00389993,0.118402,0.300623,-0.118362,0.00306536,0.118398,0.00087978,0.0624826,0.100573,0.572806,0.0946551,0.221412,0.10375,0.627843,0.268407
17.5,2,1,1,3,-6.3,1.5,-3.07,1.5,-4.45,3.3,-5.47247,1.45895,0.1074,-0.0223999,0.0969308,0.300623,-0.0968118,0.00480238,0.0969167,0.00165597,0.047062,0.0847393,0.792862,0.12222,0.302678,0.0989448,0.641871,0.259185
17.6,2,1,1,3,-6.3,1.5,-3.07,1.5,-4.45,3.3,-5.37981,1.44212,0.09266,-0.0168301,0.101944,0.300623,-0.101743,0.00639962,0.101912,0.00255374,0.0456248,0.0911642,1.04695,0.14933,0.395366,0.0938174,0.657749,0.248433
17.7,2,1,1,3,-6.3,1.5,-3.07,1.5,-4.45,3.3,-5.24831,1.4212,0.1315,-0.0209199,0.113665,0.300623,-0.113347,0.00849275,0.11359,0.00410911,0.0444504,0.104613,1.3522,0.177414,0.506285,0.0885541,0.674934,0.236512
17.8,2,1,1,3,-6.3,1.5,-3.07,1.5,-4.45,3.3,-5.18422,1.43775,0.0640903,0.0165499,0.099673,0.300623,-0.0995182,0.00555218,0.0996298,0.00293345,0.0365587,0.0927263,1.68106,0.20797,0.623368,0.08489,0.686183,0.228927
17.9,2,1,1,3,-6.3,1.5,-3.07,1.5,-4.45,3.3,-5.089,1.44267,0.0952196,0.00492001,0.0807696,0.300623,-0.0806793,0.00381944,0.0807371,0.00229255,0.0262765,0.0763759,2.03694,0.238438,0.749345,0.0815586,0.696742,0.2217
18,2,1,1,3,-6.3,1.5,-3.07,1.5,-4.45,3.3,-4.98857,1.44135,0.10043,-0.00132,0.0978927,0.300623,-0.0977949,0.0043736,0.0978469,0.00299115,0.0272451,0.0940249,2.39017,0.262422,0.87307,0.0778467,0.709036,0.213118
18.1,2,1,1,3,-6.3,1.5,-3.07,1.5,-4.45,3.3,-4.88211,1.43597,0.10646,-0.00538003,0.103517,0.300623,-0.103412,0.00466995,0.103453,0.00365545,0.023377,0.100843,2.76549,0.28351,1.00522,0.0740433,0.722254,0.203702
18.2,2,1,1,3,-6.3,1.5,-3.07,1.5,-4.45,3.3,-4.47696,1.43599,0.40515,2.00272e-05,0.255873,0.40515,-0.0948041,0.00679732,0.255609,0.011629,0.00370047,0.255846,3.38248,0.392713,1.28503,0.0816637,0.703379,0.214958
18.3,2,1,1,3,-6.3,1.5,-3.07,1.5,-4.45,3.3,-4.37731,1.42471,0.0996504,-0.0112799,0.252718,0.40515,-0.252525,0.00988853,0.2523,0.0145304,-0.00978852,0.252529,3.99968,0.514424,1.62488,0.0889951,0.691942,0.219063
18.4,2,1,1,3,-6.3,1.5,-3.07,1.5,-4.45,3.3,-4.27532,1.39383,0.10199,-0.0308801,0.103424,0.40515,-0.103283,0.00541592,0.103026,0.00907496,-0.00943818,0.102993,4.71106,0.660584,2.05063,0.0958862,0.683828,0.220286
18.5,2,1,1,3,-6.3,1.5,-3.07,1.5,-4.45,3.3,-4.09939,1.35756,0.17593,-0.0362699,0.143096,0.40515,-0.142797,0.0092429,0.141745,0.0196138,-0.025418,0.14082,5.45053,0.813453,2.513,0.101323,0.678914,0.219763
18.6,2,1,1,3,-6.3,1.5,-3.07,1.5,-4.45,3.3,-3.78489,1.31173,0.3145,-0.04583,0.248726,0.40515,-0.182256,0.0110367,0.240525,0.0633434,-0.0789052,0.235878,6.36578,1.00009,3.11335,0.106271,0.676439,0.21729
18.7,2,1,1,3,-6.3,1.5,-3.07,1.5,-4.45,3.3,-3.62622,1.29674,0.15867,-0.01499,0.238599,0.40515,-0.237913,0.018086,0.224104,0.0818947,-0.0907437,0.22067,7.34279,1.19813,3.81314,0.110446,0.676873,0.212681
18.8,2,1,1,3,-6.3,1.5,-3.07,1.5,-4.45,3.3,-3.54586,1.28074,0.0803599,-0.016,0.120657,0.40515,-0.120276,0.00957532,0.109584,0.0504924,-0.0493079,0.110122,8.39072,1.42382,4.59008,0.114664,0.675728,0.209607
18.9,2,1,1,3,-6.3,1.5,-3.07,1.5,-4.45,3.3,-3.48838,1.28531,0.0574801,0.00457001,0.0697994,0.40515,-0.0695968,0.00531428,0.0621005,0.0318666,-0.0300663,0.0629919,9.43234,1.65431,5.37842,0.118267,0.674323,0.20741
19,2,1,1,3,-6.3,1.5,-3.07,1.5,-4.45,3.3,-3.44983,1.33422,0.0385499,0.04891,0.0599687,0.40515,-0.0598675,0.00348219,0.0549617,0.0239885,-0.027194,0.0534484,10.4547,1.88524,6.16012,0.121319,0.672783,0.205898
19.1,2,1,1,3,-6.3,1.5,-3.07,1.5,-4.45,3.3,-3.34266,1.36987,0.10717,0.0356499,0.0876099,0.40515,-0.0875252,0.00385132,0.0790667,0.0377354,-0.0435975,0.0759918,1.01051,0.234649,0.78492,0.151655,0.653102,0.195242
19.2,2,1,1,3,-6.3,1.5,-3.07,1.5,-4.45,3.3,-3.27103,1.39436,0.07163,0.02449,0.0943224,0.40515,-0.0942651,0.00328764,0.0834959,0.0438766,-0.0496254,0.0802125,0.777611,0.143845,0.644933,0.131378,0.710217,0.158405
19.3,2,1,1,3,-6.3,1.5,-3.07,1.5,-4.45,3.3,-3.19682,1.44032,0.0742099,0.0459601,0.0814951,0.40515,-0.0814801,0.00156701,0.0737383,0.0347004,-0.0455418,0.0675826,0.769677,0.119088,0.580879,0.11379,0.735436,0.150774
19.4,2,1,1,3,-6.3,1.5,-3.07,1.5,-4.45,3.3,-3.1724,1.47471,0.02442,0.03439,0.0647338,0.40515,-0.0647317,0.000523426,0.0628456,0.0155211,-0.0371204,0.0530334,0.654626,0.0968647,0.49406,0.110094,0.744032,0.145874
19.5,2,1,1,3,-6.3,1.5,-3.07,1.5,-4.45,3.3,-3.25476,1.50671,-0.08236,0.0320001,0.0652683,0.40515,-0.0652681,-0.000143815,0.0655494,-0.000238521,-0.0361983,0.0543105,0.576231,0.11085,0.442794,0.133339,0.693139,0.173521
19.6,2,1,1,3,-6.3,1.5,-3.07,1.5,-4.45,3.3,-3.24714,1.52711,0.0076201,0.0203999,0.0550674,0.40515,-0.0550653,-0.00048899,0.0560582,0.00191933,-0.0309174,0.045569,0.369812,0.0805043,0.295481,0.146087,0.671077,0.182836
19.7,2,1,1,3,-6.3,1.5,-3.07,1.5,-4.45,3.3,-3.22171,1.54163,0.02543,0.01452,0.02553,0.40515,-0.0255277,-0.00034523,0.017026,-0.0152398,-0.01462,0.0209294,0.259609,0.0687649,0.180244,0.160885,0.60739,0.231726
19.8,2,1,1,3,-6.3,1.5,-3.07,1.5,-4.45,3.3,-3.19026,1.54917,0.03145,0.00753999,0.0308123,0.40515,-0.0308084,-0.000487131,0.0214171,-0.0194734,-0.0179957,0.025011,0.160458,0.039246,0.0972562,0.148404,0.606752,0.244844
19.9,2,1,1,3,-6.3,1.5,-3.07,1.5,-4.45,3.3,-3.09099,1.60013,0.0992699,0.0509599,0.0719636,0.40515,-0.0719286,-0.00224437,0.0147647,-0.0704327,-0.0449374,0.0562084,0.148403,0.0454442,0.0891359,0.16862,0.550645,0.280736
20,2,1,1,3,-6.3,1.5,-3.07,1.5,-4.45,3.3,-3.08113,1.65612,0.00986004,0.05599,0.0842187,0.40515,-0.0841199,-0.00407994,0.00598892,-0.0840055,-0.0538916,0.0647186,0.144887,0.0606059,0.0872323,0.197958,0.473247,0.328795
20.1,2,1,1,3,-6.3,1.5,-3.07,1.5,-4.45,3.3,-3.07616,1.66115,0.00497007,0.00503004,0.0319614,0.40515,-0.0319216,-0.00159566,0.00122085,-0.0319381,-0.0205328,0.0244936,0.123971,0.0656725,0.0758892,0.221176,0.417516,0.361308
20.2,2,1,1,3,-6.3,1.5,-3.07,1.5,-4.45,3.3,-3.05686,1.66469,0.0193,0.00354004,0.0133466,0.40515,-0.0133294,-0.000676883,-0.0010615,-0.0133043,-0.00865519,0.0101597,0.100864,0.0670273,0.0619851,0.24201,0.364183,0.393808
20.3,2,1,1,3,-6.3,1.5,-3.07,1.5,-4.45,3.3,-3.07311,1.62505,-0.0162501,-0.0396401,0.0312318,0.40515,-0.0312084,-0.0012094,0.000776539,-0.0312221,-0.019833,0.0241263,0.0721863,0.067861,0.0480144,0.280334,0.298202,0.421463
20.4,2,1,1,3,-6.3,1.5,-3.07,1.5,-4.45,3.3,-3.10105,1.59006,-0.0279398,-0.03499,0.043809,0.40515,-0.0437917,-0.00123287,0.0142792,-0.0414166,-0.0271336,0.0343947,0.0610459,0.0662675,0.0455784,0.306695,0.282529,0.410776
20.5,2,1,1,3,-6.3,1.5,-3.07,1.5,-4.45,3.3,-3.13635,1.5581,-0.0353,-0.03196,0.0461975,0.40515,-0.0461897,-0.000848268,0.033765,-0.0314965,-0.0278163,0.0368845,0.0607607,0.0474588,0.047559,0.281067,0.359846,0.359087
20.6,2,1,1,3,-6.3,1.5,-3.07,1.5,-4.45,3.3,-3.17582,1.53501,-0.0394702,-0.02309,0.0466733,0.40515,-0.0466704,-0.000522994,0.0443111,-0.0146601,-0.0273192,0.0378425,0.0555658,0.0491111,0.0482218,0.304532,0.344557,0.350911
20.7,2,1,1,3,-6.3,1.5,-3.07,1.5,-4.45,3.3,-3.18447,1.52828,-0.00864983,-0.00672996,0.0283437,0.40515,-0.0283426,-0.000257269,0.0275165,-0.00679799,-0.0164746,0.0230642,0.0503451,0.050882,0.046418,0.325303,0.321871,0.352825
20.8,2,1,1,3,-6.3,1.5,-3.07,1.5,-4.45,3.3,-3.19228,1.51897,-0.00781012,-0.00931001,0.0115558,0.40515,-0.0115556,-7.05373e-05,0.0114192,-0.00177153,-0.00666591,0.00943945,0.04754,0.0514093,0.0452394,0.336068,0.310774,0.353158
20.9,2,1,1,3,-6.3,1.5,-3.07,1.5,-4.45,3.3,-3.19411,1.51165,-0.00182986,-0.00732005,0.00984871,0.40515,-0.00984864,-3.69415e-05,0.0098056,-0.000920433,-0.00566009,0.0080598,0.02812,0.0405937,0.0311192,0.385157,0.266805,0.348037
21,2,1,1,3,-6.3,1.5,-3.07,1.5,-4.45,3.3,-3.19,1.51332,0.00410986,0.00167,0.00599075,0.40515,-0.00599069,-2.56578e-05,0.0060896,0.000201268,-0.00345259,0.00489578,0.0182371,0.0246261,0.0282526,0.4191,0.310369,0.27053
21.1,2,1,1,3,-6.3,1.5,-3.07,1.5,-4.45,3.3,-3.21319,1.52511,-0.02319,0.01179,0.0152256,0.40515,-0.0152251,-0.00012385,0.015663,0.00154764,-0.00870478,0.0124918,0.0106526,0.0176893,0.0216623,0.477565,0.28759,0.234845
21.2,2,1,1,3,-6.3,1.5,-3.07,1.5,-4.45,3.3,-3.30072,1.57472,-0.0875299,0.04961,0.0633132,0.40515,-0.0632935,-0.00157681,0.0435937,-0.038398,-0.0351007,0.0526925,0.015704,0.0290626,0.0272278,0.472341,0.25523,0.272429
21.3,2,1,1,3,-6.3,1.5,-3.07,1.5,-4.45,3.3,-3.31538,1.5884,-0.0146601,0.01368,0.0603314,0.40515,-0.0603049,-0.00178614,0.0594817,-0.00471815,-0.0333346,0.050286,0.0167753,0.0342439,0.0266299,0.471738,0.231094,0.297168
21.4,2,1,1,3,-6.3,1.5,-3.07,1.5,-4.45,3.3,-3.36591,1.58864,-0.05053,0.000239968,0.035291,0.40515,-0.0352749,-0.00106567,0.033835,-0.00996193,-0.0188854,0.0298127,0.0314984,0.0787761,0.0514995,0.497148,0.198783,0.304068
21.5,2,1,1,3,-6.3,1.5,-3.07,1.5,-4.45,3.3,-3.39225,1.57167,-0.02634,-0.0169699,0.0409319,0.40515,-0.0409195,-0.00100858,0.0399556,-0.00888634,-0.0213667,0.0349125,0.0455381,0.124431,0.0741438,0.505011,0.184819,0.31017
21.6,2,1,1,3,-6.3,1.5,-3.07,1.5,-4.45,3.3,-3.49406,1.52855,-0.10181,-0.04312,0.0709491,0.40515,-0.0709454,-0.00072186,0.0707889,-0.00476589,-0.0336938,0.062438,0.0645189,0.185921,0.105615,0.510749,0.177242,0.312009
21.7,2,1,1,3,-6.3,1.5,-3.07,1.5,-4.45,3.3,-3.8047,1.51355,-0.31064,-0.015,0.210783,0.40515,-0.21078,-0.00114458,0.189247,-0.00434509,-0.0716104,0.198246,0.139673,0.390136,0.217448,0.499915,0.178975,0.32111
21.8,2,1,1,3,-6.3,1.5,-3.07,1.5,-4.45,3.3,-3.95331,1.52766,-0.14861,0.01411,0.23014,0.40515,-0.230124,-0.00271243,0.230027,-0.00720309,-0.0621031,0.221603,0.218421,0.707585,0.367992,0.525697,0.162275,0.312027
21.9,2,1,1,3,-6.3,1.5,-3.07,1.5,-4.45,3.3,-4.00627,1.54079,-0.0529599,0.0131299,0.101921,0.40515,-0.101905,-0.0018122,0.101824,-0.00443612,-0.024927,0.0988256,0.328661,1.10532,0.561776,0.531242,0.157961,0.310797
22,2,1,1,3,-6.3,1.5,-3.07,1.5,-4.45,3.3,-4.09491,1.56001,-0.0886402,0.01922,0.0726316,0.40515,-0.0726048,-0.00197589,0.0725075,-0.00424542,-0.014523,0.0711649,0.43932,1.53986,0.76582,0.537935,0.153473,0.308592
22.1,2,1,1,3,-6.3,1.5,-3.07,1.5,-4.45,3.3,-4.10189,1.56598,-0.00697994,0.00597,0.0499424,0.40515,-0.0499199,-0.00149843,0.0498406,-0.00318685,-0.00982996,0.0489655,0.553915,1.97982,0.973735,0.54094,0.151344,0.307717
22.2,2,1,1,3,-6.3,1.5,-3.07,1.5,-4.45,3.3,-4.19214,1.58854,-0.09025,0.02256,0.0511059,0.40515,-0.0510609,-0.00214479,0.0512227,-0.00202816,-0.00761401,0.0505355,0.663013,2.42712,1.18122,0.545119,0.148909,0.305972
22.3,2,1,1,3,-6.3,1.5,-3.07,1.5,-4.45,3.3,-4.50169,1.60469,-0.30955,0.01615,0.201499,0.40515,-0.201158,-0.0117106,0.18954,-0.0140049,0.00614086,0.201405,0.836664,2.99879,1.47912,0.542108,0.151248,0.306644
22.4,2,1,1,3,-6.3,1.5,-3.07,1.5,-4.45,3.3,-4.68762,1.60445,-0.18593,-0.000239968,0.247951,0.40515,-0.247432,-0.0160286,0.247435,-0.0159769,0.0344124,0.245551,1.01058,3.69951,1.85177,0.549782,0.150181,0.300037
22.5,2,1,1,3,-6.3,1.5,-3.07,1.5,-4.45,3.3,-4.75716,1.59919,-0.06954,-0.00525999,0.127835,0.40515,-0.127571,-0.00820162,0.127614,-0.00750258,0.022719,0.1258,1.21592,4.49715,2.29588,0.55556,0.15021,0.29423
22.6,2,1,1,3,-6.3,1.5,-3.07,1.5,-4.45,3.3,-4.81956,1.59668,-0.0623999,-0.00250995,0.0660945,0.40515,-0.065954,-0.00430712,0.0659938,-0.00364679,0.0140141,0.0645917,1.42007,5.30964,2.75115,0.560657,0.149948,0.289395
22.7001,2,1,1,3,-6.3,1.5,-3.07,1.5,-4.45,3.3,-4.85444,1.58575,-0.0348802,-0.0109301,0.0495015,0.40515,-0.0494146,-0.00293125,0.0494444,-0.00237601,0.0113667,0.0481787,1.56756,5.98678,3.13181,0.567419,0.148571,0.284009
22.8001,2,1,1,3,-6.3,1.5,-3.07,1.5,-4.45,3.3,-4.87705,1.57727,-0.0226097,-0.00847995,0.0303501,0.40515,-0.0303055,-0.00164567,0.0303224,-0.0012966,0.00730251,0.0294585,1.71171,6.55465,3.477,0.570308,0.148933,0.280759
22.9001,2,1,1,3,-6.3,1.5,-3.07,1.5,-4.45,3.3,-4.89348,1.59437,-0.0164299,0.0171,0.0239308,0.40515,-0.0238771,-0.00160203,0.0238988,-0.00123683,0.006022,0.0231607,1.82476,7.04455,3.77937,0.574101,0.14871,0.277188
23.0001,2,1,1,3,-6.3,1.5,-3.07,1.5,-4.45,3.3,-4.9148,1.60839,-0.0213203,0.01402,0.0246155,0.40515,-0.0245404,-0.00192026,0.0245731,-0.00144377,0.00652183,0.0237358,1.93744,7.4999,4.07216,0.576666,0.14897,0.274364
23.1001,2,1,1,3,-6.3,1.5,-3.07,1.5,-4.45,3.3,-4.93483,1.61855,-0.02003,0.01016,0.0239882,0.40515,-0.0238983,-0.0020753,0.0239399,-0.00152189,0.00664602,0.0230492,2.04592,7.95094,4.36154,0.57924,0.149049,0.271711
23.2001,2,1,1,3,-6.3,1.5,-3.07,1.5,-4.45,3.3,-4.94951,1.61791,-0.0146799,-0.000639915,0.0185766,0.40515,-0.0185062,-0.00161576,0.0185402,-0.00116311,0.00528824,0.017808,2.15229,8.38319,4.64478,0.581356,0.149256,0.269388
23.3001,2,1,1,3,-6.3,1.5,-3.07,1.5,-4.45,3.3,-4.95793,1.63427,-0.00841999,0.0163599,0.0165467,0.40515,-0.0164645,-0.00164722,0.016505,-0.00117384,0.00482619,0.0158272,2.19192,8.68599,4.83585,0.586298,0.147953,0.265749
23.4001,2,1,1,3,-6.3,1.5,-3.07,1.5,-4.45,3.3,-5.07509,1.65168,-0.11716,0.01741,0.068423,0.40515,-0.0679043,-0.00840856,0.068228,-0.00516128,0.0242619,0.063977,2.2417,8.86582,4.96425,0.586712,0.148348,0.26494
23.5001,2,1,1,3,-6.3,1.5,-3.07,1.5,-4.45,3.3,-5.17011,1.66382,-0.0950203,0.01214,0.10712,0.40515,-0.106011,-0.0153703,0.106795,-0.0083306,0.0431508,0.0980439,2.26087,8.97202,5.03586,0.587909,0.148148,0.263944
23.6001,2,1,1,3,-6.3,1.5,-3.07,1.5,-4.45,3.3,-5.24674,1.66676,-0.0766296,0.00293994,0.0862393,0.40515,-0.0851783,-0.0134861,0.0859874,-0.00658749,0.0378108,0.0775085,2.27696,9.07586,5.10715,0.589373,0.147862,0.262764
23.7001,2,1,1,3,-6.3,1.5,-3.07,1.5,-4.45,3.3,-5.35535,1.6686,-0.10861,0.00184,0.0926559,0.40515,-0.0912145,-0.0162798,0.0924048,-0.00681709,0.0449604,0.0810165,2.29282,9.20742,5.19752,0.591661,0.147335,0.261004
23.8001,2,1,1,3,-6.3,1.5,-3.07,1.5,-4.45,3.3,-5.39085,1.67383,-0.0355,0.00523007,0.0722545,0.40515,-0.0709689,-0.0135693,0.0720527,-0.00539669,0.0361844,0.0625412,2.3115,9.35024,5.29573,0.593931,0.146828,0.259242
23.9001,2,1,1,3,-6.3,1.5,-3.07,1.5,-4.45,3.3,-5.43967,1.66837,-0.04882,-0.00546002,0.0425038,0.40515,-0.0417125,-0.00816331,0.0423969,-0.00301239,0.0220429,0.0363412,2.3302,9.50516,5.40508,0.596565,0.146248,0.257187
24.0001,2,1,1,3,-6.3,1.5,-3.07,1.5,-4.45,3.3,-5.49131,1.65158,-0.05164,-0.01679,0.0517127,0.40515,-0.0508275,-0.00952706,0.0516117,-0.00323102,0.0276181,0.0437201,2.34882,9.66683,5.52185,0.599397,0.14564,0.254964
24.1001,2,1,1,3,-6.3,1.5,-3.07,1.5,-4.45,3.3,-5.63656,1.59734,-0.14525,-0.05424,0.104674,0.40515,-0.103565,-0.0151951,0.104599,-0.00396703,0.0598469,0.0858776,2.37818,9.86773,5.67721,0.602444,0.145193,0.252364
24.2001,2,1,1,3,-6.3,1.5,-3.07,1.5,-4.45,3.3,-5.72401,1.60199,-0.08745,0.00465,0.12131,0.40515,-0.119452,-0.0211512,0.121221,-0.00465835,0.0728045,0.0970343,2.40811,10.1041,5.85985,0.606324,0.144506,0.24917
24.3001,2,1,1,3,-6.3,1.5,-3.07,1.5,-4.45,3.3,-5.79131,1.57919,-0.0672998,-0.0228,0.0793153,0.40515,-0.0783714,-0.0122004,0.0792818,-0.0023071,0.0487606,0.0625566,2.44034,10.3753,6.07629,0.610939,0.143697,0.245364
24.4001,2,1,1,3,-6.3,1.5,-3.07,1.5,-4.45,3.3,-5.84914,1.5779,-0.0578303,-0.00128996,0.0644509,0.40515,-0.0635099,-0.0109733,0.0644256,-0.00180587,0.0406411,0.0500222,2.46261,10.6471,6.29328,0.616294,0.142545,0.241161
24.5001,2,1,1,3,-6.3,1.5,-3.07,1.5,-4.45,3.3,-5.91275,1.51941,-0.0636096,-0.05849,0.072129,0.40515,-0.0720386,-0.00361076,0.0721273,-0.000492478,0.0457854,0.0557341,2.48598,10.9115,6.516,0.621369,0.141567,0.237064
24.6001,2,1,1,3,-6.3,1.5,-3.07,1.5,-4.45,3.3,-5.94243,1.51336,-0.0296803,-0.00604999,0.058352,0.40515,-0.0583113,-0.00217871,0.0583513,-0.000271399,0.0374087,0.0447833,2.50995,11.1526,6.72484,0.625669,0.14081,0.233522
24.7001,2,1,1,3,-6.3,1.5,-3.07,1.5,-4.45,3.3,-5.96758,1.51639,-0.0251498,0.00302994,0.0278111,0.40515,-0.0277774,-0.00136956,0.0278107,-0.000157309,0.0180223,0.0211815,2.53426,11.3627,6.91217,0.629061,0.140301,0.230637
24.8001,2,1,1,3,-6.3,1.5,-3.07,1.5,-4.45,3.3,-6.01175,1.52131,-0.0441704,0.00492001,0.0348876,0.40515,-0.0347927,-0.00257218,0.0348867,-0.000252718,0.0230187,0.0262161,0.0220543,0.199818,0.180248,0.811209,0.0895347,0.0992559
24.9001,2,1,1,3,-6.3,1.5,-3.07,1.5,-4.45,3.3,-6.04918,1.54697,-0.0374298,0.02566,0.0449122,0.40515,-0.0441449,-0.00826682,0.0449067,-0.000708002,0.0302684,0.0331803,0.022302,0.191109,0.172052,0.802362,0.0936337,0.104005
25.0001,2,1,1,3,-6.3,1.5,-3.07,1.5,-4.45,3.3,-6.11123,1.57976,-0.0620499,0.0327899,0.0577809,0.40515,-0.0532249,-0.0224888,0.0577611,-0.00151485,0.0401382,0.041564,0.0241353,0.194638,0.172323,0.791102,0.0980972,0.1108
25.1001,2,1,1,3,-6.3,1.5,-3.07,1.5,-4.45,3.3,-6.12101,1.57593,-0.00977993,-0.00382996,0.040342,0.40515,-0.0371385,-0.0157546,0.0403296,-0.00100368,0.0280769,0.0289684,0.0154561,0.157849,0.137396,0.826167,0.0808955,0.0929378
25.2001,2,1,1,3,-6.3,1.5,-3.07,1.5,-4.45,3.3,-6.12405,1.58812,-0.00304031,0.01219,0.0115333,0.40515,-0.0103123,-0.00516463,0.0115285,-0.000332636,0.00806363,0.00824585,0.0167461,0.122947,0.110352,0.776423,0.105753,0.117824
25.3001,2,1,1,3,-6.3,1.5,-3.07,1.5,-4.45,3.3,-6.12097,1.59086,0.00308037,0.00274003,0.00834304,0.40515,-0.00743975,-0.00377576,0.00833934,-0.000248351,0.00583243,0.00596566,0.0142654,0.0871589,0.0764172,0.740549,0.121207,0.138244
25.4001,2,1,1,3,-6.3,1.5,-3.07,1.5,-4.45,3.3,-6.1123,1.58691,0.00866985,-0.00395,0.00682497,0.40515,-0.00619329,-0.00286765,0.00682219,-0.000194891,0.00475283,0.00489804,0.013984,0.0683719,0.0610856,0.697616,0.142682,0.159701
25.5001,2,1,1,3,-6.3,1.5,-3.07,1.5,-4.45,3.3,-6.10808,1.5793,0.00422001,-0.00760996,0.0091145,0.40515,-0.00842373,-0.00348062,0.00911139,-0.000237826,0.00632439,0.00656324,0.0118571,0.0488276,0.0385992,0.645153,0.156666,0.198181
25.6001,2,1,1,3,-6.3,1.5,-3.07,1.5,-4.45,3.3,-6.10655,1.57567,0.00152969,-0.00363004,0.00632045,0.40515,-0.00588616,-0.00230244,0.00631849,-0.000157455,0.00437876,0.00455792,0.010156,0.0385009,0.0292138,0.620567,0.163697,0.215736
25.7001,2,1,1,3,-6.3,1.5,-3.07,1.5,-4.45,3.3,-6.10833,1.58834,-0.00177956,0.01267,0.00836679,0.40515,-0.00759857,-0.00350215,0.00836326,-0.000243163,0.00582186,0.00600909,0.00927021,0.0317477,0.0236606,0.593896,0.173416,0.232688
25.8001,2,1,1,3,-6.3,1.5,-3.07,1.5,-4.45,3.3,-6.11225,1.58999,-0.00392008,0.00164998,0.00852378,0.40515,-0.00768647,-0.00368418,0.00852006,-0.000252024,0.00594127,0.00611197,0.009002,0.0266951,0.0196421,0.556943,0.18781,0.255247
25.9001,2,1,1,3,-6.3,1.5,-3.07,1.5,-4.45,3.3,-6.07301,1.62281,0.0392399,0.03282,0.0277045,0.40515,-0.0243668,-0.0131833,0.0276814,-0.00113205,0.0192658,0.019909,0.0117326,0.0228314,0.0178099,0.460267,0.236523,0.30321
26.0001,2,1,1,3,-6.3,1.5,-3.07,1.5,-4.45,3.3,-6.01448,1.67466,0.0585299,0.05185,0.0646745,0.40515,-0.0551705,-0.0337492,0.064561,-0.00382961,0.0448511,0.0465958,0.0315602,0.0358597,0.0286589,0.33542,0.295204,0.369376
26.1001,2,1,1,3,-6.3,1.5,-3.07,1.5,-4.45,3.3,-5.94673,1.73569,0.06775,0.06103,0.0846891,0.40515,-0.0704493,-0.0470014,0.0844063,-0.00691539,0.0585479,0.0611914,0.0732446,0.0485378,0.0356882,0.219232,0.330827,0.449941
26.2001,2,1,1,3,-6.3,1.5,-3.07,1.5,-4.45,3.3,-5.88401,1.79866,0.0627203,0.06297,0.0900309,0.40515,-0.0731342,-0.0525067,0.0895281,-0.0095019,0.0621849,0.0651046,0.142813,0.0645152,0.0414883,0.150243,0.332583,0.517174
26.3001,2,1,1,3,-6.3,1.5,-3.07,1.5,-4.45,3.3,-5.78209,1.93467,0.10192,0.13601,0.129418,0.40515,-0.0991314,-0.0831987,0.127787,-0.0204806,0.0903779,0.0926331,0.278323,0.101739,0.0538396,0.112295,0.3072,0.580505
26.4001,2,1,1,3,-6.3,1.5,-3.07,1.5,-4.45,3.3,-5.74583,1.95456,0.0362601,0.0198901,0.105658,0.40515,-0.0816921,-0.0670082,0.104166,-0.0176954,0.0732956,0.0761017,0.442531,0.148956,0.0743049,0.100741,0.299288,0.599971
26.5001,2,1,1,3,-6.3,1.5,-3.07,1.5,-4.45,3.3,-5.72121,2.02537,0.0246201,0.0708098,0.0581625,0.40515,-0.0430665,-0.0390916,0.0570531,-0.0113058,0.0410718,0.0411823,0.636904,0.210272,0.0970107,0.0943909,0.285906,0.619704
26.6001,2,1,1,3,-6.3,1.5,-3.07,1.5,-4.45,3.3,-5.67619,2.11892,0.0450201,0.0935502,0.0893936,0.40515,-0.0634591,-0.0629616,0.0869747,-0.0206548,0.064384,0.0620154,0.856531,0.282659,0.122348,0.0906531,0.274703,0.634644
26.7001,2,1,1,3,-6.3,1.5,-3.07,1.5,-4.45,3.3,-5.6286,2.20876,0.0475898,0.0898399,0.102743,0.40515,-0.0706576,-0.0745893,0.099014,-0.027428,0.0753904,0.0698023,1.1116,0.368575,0.148637,0.086998,0.26238,0.650622
26.8001,2,1,1,3,-6.3,1.5,-3.07,1.5,-4.45,3.3,-5.56152,2.30756,0.06708,0.0987999,0.110543,0.40515,-0.0745988,-0.081577,0.105157,-0.0340839,0.0824578,0.0736239,1.41566,0.471291,0.175723,0.0829187,0.249071,0.668011
26.9001,2,1,1,3,-6.3,1.5,-3.07,1.5,-4.45,3.3,-5.4603,2.54112,0.10122,0.23356,0.186985,0.40515,-0.117388,-0.145546,0.17143,-0.074668,0.149506,0.1123,1.84641,0.643618,0.226918,0.0832937,0.238953,0.677754
27.0001,2,1,1,3,-6.3,1.5,-3.07,1.5,-4.45,3.3,-5.42762,2.65904,0.03268,0.11792,0.188457,0.40515,-0.113332,-0.150572,0.169125,-0.0831442,0.157604,0.10333,2.35799,0.868528,0.289231,0.0842632,0.228769,0.686968
27.1001,2,1,1,3,-6.3,1.5,-3.07,1.5,-4.45,3.3,-5.35733,2.7063,0.0702901,0.04726,0.103533,0.40515,-0.0637497,-0.0815781,0.0915776,-0.0482965,0.0866342,0.056688,2.91834,1.11599,0.361578,0.0855716,0.223771,0.690658
27.2001,2,1,1,3,-6.3,1.5,-3.07,1.5,-4.45,3.3,-5.27045,2.75248,0.0868797,0.04618,0.0915456,0.40515,-0.0581321,-0.0707195,0.0795603,-0.0452852,0.0761468,0.0508159,3.48787,1.36705,0.434016,0.0862989,0.220181,0.69352
27.3001,2,1,1,3,-6.3,1.5,-3.07,1.5,-4.45,3.3,-5.12415,2.8958,0.1463,0.14332,0.151597,0.40515,-0.0976704,-0.11594,0.125389,-0.0852018,0.130018,0.0779548,4.07882,1.63681,0.513326,0.0874294,0.217868,0.694703
27.4001,2,1,1,3,-6.3,1.5,-3.07,1.5,-4.45,3.3,-4.94146,2.97345,0.18269,0.0776498,0.201655,0.40515,-0.136694,-0.148256,0.158441,-0.124745,0.167959,0.1116,4.7569,1.92637,0.58719,0.0864269,0.213419,0.700154
27.5001,2,1,1,3,-6.3,1.5,-3.07,1.5,-4.45,3.3,-4.8523,2.97966,0.08916,0.00621009,0.143941,0.40515,-0.100665,-0.102887,0.11075,-0.0919439,0.112604,0.0896632,5.47954,2.22371,0.675973,0.0864282,0.212971,0.7006
27.6001,2,1,1,3,-6.3,1.5,-3.07,1.5,-4.45,3.3,-4.52848,2.99184,0.32382,0.0121799,0.206713,0.40515,-0.154887,-0.132179,0.144506,-0.147811,0.0510158,0.200318,0.891722,0.343446,0.137641,0.0992555,0.257707,0.643037
27.7001,2,1,1,3,-6.3,1.5,-3.07,1.5,-4.45,3.3,-4.4156,3.0034,0.11288,0.0115602,0.21876,0.40515,-0.171005,-0.13643,0.145895,-0.163005,-0.0252031,0.217303,0.948402,0.356085,0.176042,0.110488,0.294274,0.595238
27.8001,2,1,1,3,-6.3,1.5,-3.07,1.5,-4.45,3.3,-4.36714,3.02349,0.04846,0.0200899,0.082965,0.40515,-0.065158,-0.0513578,0.0537844,-0.0631698,-0.0238153,0.0794734,0.97203,0.382149,0.219451,0.125424,0.319027,0.555549
27.9001,2,1,1,3,-6.3,1.5,-3.07,1.5,-4.45,3.3,-4.30482,3.07229,0.0623198,0.0488,0.0658061,0.40515,-0.051686,-0.0407309,0.0406452,-0.0517534,-0.0353771,0.0554879,0.868088,0.32311,0.20188,0.125208,0.336393,0.538399
28.0001,2,1,1,3,-6.3,1.5,-3.07,1.5,-4.45,3.3,-4.25383,3.11281,0.0509901,0.04052,0.0721413,0.40515,-0.0566573,-0.0446578,0.0426876,-0.0581561,-0.0521921,0.049803,0.793298,0.27539,0.195883,0.126096,0.363236,0.510669
28.1001,2,1,1,3,-6.3,1.5,-3.07,1.5,-4.45,3.3,-4.27712,3.12476,-0.0232902,0.01195,0.0456533,0.40515,-0.0355937,-0.0285886,0.0272264,-0.0366462,-0.0320621,0.0324999,0.724761,0.257884,0.187384,0.130239,0.366025,0.503736
28.2001,2,1,1,3,-6.3,1.5,-3.07,1.5,-4.45,3.3,-4.2445,3.13146,0.03262,0.00670004,0.029739,0.40515,-0.0232936,-0.0184882,0.0173751,-0.0241352,-0.0229945,0.0188589,0.691648,0.250844,0.192122,0.135919,0.374767,0.489314
28.3001,2,1,1,3,-6.3,1.5,-3.07,1.5,-4.45,3.3,-4.2193,3.13965,0.0252004,0.00819016,0.0298994,0.40515,-0.023484,-0.0185061,0.0171617,-0.0244837,-0.0245514,0.0170647,0.607106,0.211924,0.18108,0.138554,0.396919,0.464527
28.4001,2,1,1,3,-6.3,1.5,-3.07,1.5,-4.45,3.3,-4.21613,3.16755,0.00317001,0.0279,0.0272887,0.40515,-0.0213066,-0.0170499,0.015457,-0.022489,-0.0237451,0.0134478,0.493891,0.18506,0.179192,0.155641,0.415378,0.42898
28.5001,2,1,1,3,-6.3,1.5,-3.07,1.5,-4.45,3.3,-4.14261,3.17945,0.0735197,0.0118999,0.051278,0.40515,-0.040463,-0.0314989,0.0276007,-0.0432161,-0.0477382,0.0187216,0.921742,0.351724,0.34953,0.159803,0.418784,0.421413
28.6001,2,1,1,3,-6.3,1.5,-3.07,1.5,-4.45,3.3,-4.06895,3.20668,0.0736599,0.02723,0.0765042,0.40515,-0.060764,-0.0464825,0.038646,-0.0660256,-0.0743083,0.0181983,1.17264,0.469232,0.484063,0.168875,0.422028,0.409098
28.7001,2,1,1,3,-6.3,1.5,-3.07,1.5,-4.45,3.3,-3.89901,3.2305,0.16994,0.0238199,0.125067,0.40515,-0.10146,-0.0731268,0.0540339,-0.112792,-0.124083,0.0156515,1.38934,0.585651,0.638827,0.180273,0.427663,0.392064
28.8001,2,1,1,3,-6.3,1.5,-3.07,1.5,-4.45,3.3,-3.87844,3.24597,0.02057,0.01547,0.0986698,0.40515,-0.0800356,-0.0577065,0.0414586,-0.0895372,-0.0982319,0.00928592,1.55612,0.676624,0.770197,0.187961,0.432279,0.37976
28.9001,2,1,1,3,-6.3,1.5,-3.07,1.5,-4.45,3.3,-3.93172,3.27031,-0.0532801,0.0243399,0.0421573,0.40515,-0.0337662,-0.0252405,0.0184508,-0.0379052,-0.0420883,0.00241106,1.70407,0.77693,0.895454,0.196219,0.430373,0.373408
29.0001,2,1,1,3,-6.3,1.5,-3.07,1.5,-4.45,3.3,-4.04422,3.29839,-0.1125,0.02808,0.0872639,0.40515,-0.0682336,-0.0543983,0.0415654,-0.0767288,-0.0872632,0.00034624,1.84391,0.890117,1.01864,0.204847,0.424348,0.370806
29.1001,2,1,1,3,-6.3,1.5,-3.07,1.5,-4.45,3.3,-4.0894,3.30447,-0.0451798,0.00608015,0.0807693,0.40515,-0.0625702,-0.0510749,0.0397278,-0.0703234,-0.080763,-0.00100116,1.98363,1.00842,1.14137,0.21254,0.41808,0.36938
29.2001,2,1,1,3,-6.3,1.5,-3.07,1.5,-4.45,3.3,-4.14618,3.30511,-0.0567803,0.000639915,0.0511855,0.40515,-0.0392298,-0.0328783,0.0262113,-0.043965,-0.0511783,-0.000860782,0.137525,0.131743,0.119455,0.312973,0.32671,0.360318
29.3001,2,1,1,3,-6.3,1.5,-3.07,1.5,-4.45,3.3,-4.20255,3.30922,-0.0563698,0.0041101,0.0566517,0.40515,-0.0428977,-0.0370027,0.0300594,-0.0480192,-0.0566124,-0.00210941,0.136123,0.139767,0.11707,0.318808,0.310496,0.370696
29.4001,2,1,1,3,-6.3,1.5,-3.07,1.5,-4.45,3.3,-4.24924,3.32013,-0.04669,0.01091,0.0522336,0.40515,-0.039066,-0.0346726,0.0284016,-0.0438372,-0.0519729,-0.00521132,0.135569,0.146191,0.116452,0.323466,0.299965,0.376569
29.5001,2,1,1,3,-6.3,1.5,-3.07,1.5,-4.45,3.3,-4.40074,3.33617,-0.1515,0.0160398,0.100147,0.40515,-0.0720006,-0.0696089,0.0587693,-0.0810905,-0.0807232,-0.0592728,0.140952,0.177587,0.117346,0.333903,0.265023,0.401074
29.6001,2,1,1,3,-6.3,1.5,-3.07,1.5,-4.45,3.3,-4.45697,3.3416,-0.0562301,0.00542998,0.104419,0.40515,-0.0738642,-0.0738069,0.0628187,-0.0834098,0.0172557,-0.102984,0.130359,0.191213,0.107323,0.345257,0.235378,0.419365
29.7001,2,1,1,3,-6.3,1.5,-3.07,1.5,-4.45,3.3,-4.51369,3.33716,-0.0567198,-0.00443983,0.0566925,0.40515,-0.0395212,-0.0406462,0.0350289,-0.0445759,0.0489672,-0.02857,0.0772978,0.186428,0.0628169,0.378051,0.156749,0.4652
29.8001,2,1,1,3,-6.3,1.5,-3.07,1.5,-4.45,3.3,-4.65194,3.30473,-0.13825,-0.0324302,0.099448,0.40515,-0.0670605,-0.0734355,0.0655527,-0.0747847,0.0994207,-0.0023287,0.0643719,0.199031,0.0769574,0.462987,0.149743,0.387271
29.9001,2,1,1,3,-6.3,1.5,-3.07,1.5,-4.45,3.3,-4.66699,3.26644,-0.0150499,-0.03829,0.0915721,0.40515,-0.0621619,-0.067241,0.0614112,-0.0679273,0.0904961,0.0139963,0.0608647,0.184916,0.0891069,0.496968,0.163576,0.339456
30.0001,2,1,1,3,-6.3,1.5,-3.07,1.5,-4.45,3.3,-4.69621,3.21616,-0.0292201,-0.0502799,0.0496477,0.40515,-0.0338986,-0.0362737,0.0341491,-0.036038,0.0469976,0.0160037,0.0531955,0.171939,0.101954,0.546106,0.168957,0.284937
30.1001,2,1,1,3,-6.3,1.5,-3.07,1.5,-4.45,3.3,-4.66782,3.15492,0.0283899,-0.06124,0.0628272,0.40515,-0.0441172,-0.0447318,0.043639,-0.0451985,0.0522902,0.0348281,0.0535095,0.158225,0.106463,0.543242,0.183717,0.273041
30.2001,2,1,1,3,-6.3,1.5,-3.07,1.5,-4.45,3.3,-4.62573,3.10535,0.0420899,-0.0495701,0.0662647,0.40515,-0.0478303,-0.0458614,0.046115,-0.0475859,0.0444048,0.0491856,0.0582567,0.143897,0.113112,0.520864,0.210872,0.268264
30.3001,2,1,1,3,-6.3,1.5,-3.07,1.5,-4.45,3.3,-4.55751,3.05123,0.0682201,-0.0541201,0.0760546,0.40515,-0.0568058,-0.0505707,0.0526394,-0.0548943,0.0301713,0.069814,0.0701307,0.135298,0.124299,0.48018,0.248898,0.270922
30.4001,2,1,1,3,-6.3,1.5,-3.07,1.5,-4.45,3.3,-4.58043,2.99034,-0.0229201,-0.06089,0.0760706,0.40515,-0.0574849,-0.0498218,0.0541489,-0.0534287,0.0295288,0.0701055,0.138206,0.265977,0.267233,0.490969,0.255115,0.253916
30.5001,2,1,1,3,-6.3,1.5,-3.07,1.5,-4.45,3.3,-4.5087,2.95918,0.0717301,-0.0311599,0.0716334,0.40515,-0.0555387,-0.0452414,0.0502932,-0.0510091,0.0121585,0.070594,0.208113,0.361512,0.411845,0.48054,0.276634,0.242826
30.6001,2,1,1,3,-6.3,1.5,-3.07,1.5,-4.45,3.3,-4.44222,2.9303,0.0664797,-0.0288801,0.0753438,0.40515,-0.0597001,-0.0459629,0.0521608,-0.0543685,-0.00158511,0.0753271,0.287297,0.437088,0.564516,0.461633,0.30343,0.234937
30.7001,2,1,1,3,-6.3,1.5,-3.07,1.5,-4.45,3.3,-4.44222,2.9303,0,0,0.0362409,0.40515,-0.0287162,-0.0221085,0.0250897,-0.0261516,-0.000762449,0.0362329,0.367051,0.497815,0.707681,0.443264,0.326829,0.229907
30.8001,3,2,1,2,3,-6.3,1.5,-3.07,1.5,-4.45,3.3,-4.34833,2.81983,-3.7033,2.40923,0.0938902,-0.11047,0,0,0.0724897,0.40515,0,0,-0.0600479,-0.0406078,0.0504328,-0.05207,-0.0150158,0.0709174,-nan,-nan,-nan,-nan,-nan,-nan,0.459831,0.540212,0.846262,-nan,-nan,-nan,0.417611,0.355473,0.226916,-nan,-nan,-nan
30.9001,3,2,1,2,3,-6.3,1.5,-3.07,1.5,-4.45,3.3,-4.23128,2.69775,-3.67276,2.39342,0.11705,-0.12208,0.03054,-0.01581,0.157054,0.40515,0.0171948,0.0343896,-0.135916,-0.078693,0.109324,-0.112757,-0.0536114,0.14762,-0.0162793,-0.00553594,0.00961676,-0.0142541,-0.0111917,0.0130541,0.586672,0.58412,1.02513,-nan,-nan,-nan,0.3881,0.389796,0.222105,-nan,-nan,-nan
31.0001,3,2,1,2,3,-6.3,1.5,-3.07,1.5,-4.45,3.3,-4.12955,2.58926,-3.57973,2.30529,0.10173,-0.10849,0.09303,-0.08813,0.158926,0.40515,0.081268,0.128146,-0.142042,-0.0712852,0.110814,-0.113921,-0.0653223,0.144881,-0.0779252,-0.0230684,0.0434651,-0.0686678,-0.0535118,0.0611635,0.769504,0.619577,1.27527,-nan,-nan,-nan,0.351446,0.436489,0.212064,-nan,-nan,-nan
31.1001,3,2,1,2,3,-6.3,1.5,-3.07,1.5,-4.45,3.3,-4.12955,2.58926,-3.4145,2.19931,0,0,0.16523,-0.10598,0.0743624,0.40515,0.162222,0.196297,-0.0664622,-0.0333547,0.0518502,-0.0533041,-0.0305646,0.0677906,-0.157658,-0.0382089,0.0716884,-0.145522,-0.111156,0.118154,0.97309,0.679625,1.54435,-nan,-nan,-nan,0.326594,0.467619,0.205787,-nan,-nan,-nan
31.2001,3,2,1,2,3,-6.3,1.5,-3.07,1.5,-4.45,3.3,-4.0463,2.48977,-3.20617,2.00249,0.08325,-0.0994902,0.20833,-0.19682,0.0648631,0.40515,0.241449,0.2866,-0.0593882,-0.0260818,0.040319,-0.0431443,-0.0289265,0.0580558,-0.238326,-0.0387081,0.0631526,-0.233043,-0.147254,0.154692,1.19601,0.742769,1.84713,-nan,-nan,-nan,0.306965,0.494276,0.198758,-nan,-nan,-nan
31.3001,3,2,1,2,3,-6.3,1.5,-3.07,1.5,-4.45,3.3,-4.0463,2.48977,-3.18272,1.95617,0,0,0.0234501,-0.0463201,0.0648631,0.40515,0.169259,0.2866,-0.0593882,-0.0260818,0.044643,-0.0458154,-0.0289265,0.0580558,-0.0679907,-0.11289,0.0406028,-0.164317,0.00835074,0.0733396,1.4096,0.80887,2.14289,-nan,-nan,-nan,0.294076,0.512479,0.193444,-nan,-nan,-nan
31.4001,3,2,1,2,3,-6.3,1.5,-3.07,1.5,-4.45,3.3,-4.0463,2.48977,-3.20786,1.88043,0,0,-0.02514,-0.07574,0,0.40515,0.0658606,0.2866,-0,-0,0,-0,-0,0,-0.0301253,-0.0519581,0.0224386,-0.0619203,0.00941656,0.0295522,1.62614,0.873317,2.42295,-nan,-nan,-nan,0.283032,0.527013,0.189954,-nan,-nan,-nan
31.5001,3,2,1,2,3,-6.3,1.5,-3.07,1.5,-4.45,3.3,-4.0463,2.48977,-3.24025,1.82945,0,0,-0.0323901,-0.05098,0,0.40515,0.0701013,0.2866,-0,-0,0,-0,-0,0,-0.0442811,-0.0446884,0.032183,-0.0622772,0.017225,0.0279159,1.82564,0.93696,2.69097,-nan,-nan,-nan,0.275718,0.537227,0.187055,-nan,-nan,-nan
31.6001,3,2,1,2,3,-6.3,1.5,-3.07,1.5,-4.45,3.3,-3.93431,2.37439,-3.25434,1.71743,0.11199,-0.11538,-0.0140898,-0.11202,0.0803964,0.40515,0.086651,0.2866,-0.164204,0.0579162,-0.115153,0.108685,-0.097664,0.126786,-0.086431,-0.00617032,0.0560354,-0.0660941,-0.0522344,0.0691372,2.03583,1.0257,2.97201,-nan,-nan,-nan,0.272493,0.540848,0.186659,-nan,-nan,-nan
31.7001,3,2,1,2,3,-6.3,1.5,-3.07,1.5,-4.45,3.3,-3.93431,2.37439,-3.27975,1.70077,0,0,-0.0254102,-0.01666,0.0803964,0.40515,0.0716437,0.2866,-0.266364,0.168642,-0.213153,0.220347,-0.198671,0.23442,-0.0714859,-0.004752,0.0517555,-0.0495397,-0.0423082,0.0578172,2.27067,1.13385,3.27298,-nan,-nan,-nan,0.270534,0.541779,0.187687,-nan,-nan,-nan
31.8001,3,2,1,2,3,-6.3,1.5,-3.07,1.5,-4.45,3.3,-3.85231,2.27756,-3.31176,1.67444,0.082,-0.0968299,-0.0320098,-0.02633,0.0634429,0.40515,0.0359161,0.2866,-0.0604653,-0.0192081,0.0449973,-0.0447241,-0.0320177,0.0547711,-0.0358551,-0.00209306,0.0291259,-0.0210155,-0.0206008,0.0294207,2.6745,1.41786,3.73197,-nan,-nan,-nan,0.277551,0.523543,0.198906,-nan,-nan,-nan
31.9001,3,2,1,2,3,-6.3,1.5,-3.07,1.5,-4.45,3.3,-3.85231,2.27756,-3.30736,1.65047,0,0,0.00440001,-0.02397,0.0634429,0.40515,0.032909,0.2866,-0.0604653,-0.0192081,0.0449973,-0.0447241,-0.0320177,0.0547711,-0.0328675,-0.00165258,0.0277946,-0.0176199,-0.0187394,0.0270525,3.04435,1.69656,4.14029,0.330082,0.12454,0.439596,0.283308,0.508376,0.208316,0.227207,0.602189,0.170604
32.0001,3,2,1,2,3,-6.3,1.5,-3.07,1.5,-4.45,3.3,-3.85231,2.27756,-3.25768,1.59701,0,0,0.04968,-0.05346,0,0.40515,0.0486752,0.2866,-0,-0,0,-0,-0,0,-0.0486505,-0.00155131,0.0432404,-0.0223505,-0.027917,0.0398738,3.36086,1.97921,4.46292,0.32081,0.113889,0.429659,0.289759,0.492035,0.218207,0.219128,0.617257,0.163615
32.1001,3,2,1,2,3,-6.3,1.5,-3.07,1.5,-4.45,3.3,-3.76312,2.17362,-3.22438,1.55758,0.08919,-0.10394,0.0332999,-0.03943,0.0684806,0.40515,0.0622951,0.2866,-0.0661871,-0.0175747,0.049109,-0.0477274,-0.0356539,0.058467,-0.0622842,-0.00116605,0.0583674,-0.0217696,-0.0358401,0.0509526,3.67088,2.25536,4.77905,0.262962,0.0980601,0.363911,0.294486,0.479313,0.226201,0.227054,0.608877,0.164069
32.2001,3,2,1,2,3,-6.3,1.5,-3.07,1.5,-4.45,3.3,-3.76312,2.17362,-3.22028,1.53973,0,0,0.00410008,-0.01785,0.0684806,0.40515,0.0349625,0.2866,-0.0661871,-0.0175747,0.049109,-0.0477274,-0.0356539,0.058467,-0.0349596,-0.000450997,0.0338012,-0.00893613,-0.0200227,0.0286613,3.95879,2.53308,5.05893,0.108543,0.0797181,0.16896,0.29892,0.467164,0.233916,0.33289,0.453256,0.213854
32.3001,3,2,1,2,3,-6.3,1.5,-3.07,1.5,-4.45,3.3,-3.76312,2.17362,-3.1999,1.51208,0,0,0.02038,-0.02765,0,0.40515,0.026332,0.2866,-0,-0,0,-0,-0,0,-0.0263318,-0.000102606,0.0262189,-0.00243821,-0.0150887,0.0215802,4.24719,2.812,5.33929,0.0437603,0.0438066,0.104218,0.302495,0.456882,0.240623,0.413422,0.412985,0.173593
32.4001,3,2,1,2,3,-6.3,1.5,-3.07,1.5,-4.45,3.3,-3.76312,2.17362,-3.17862,1.46314,0,0,0.0212798,-0.0489399,0,0.40515,0.0438577,0.2866,-0.237789,0.289041,-0.237789,0.289041,-0.237789,0.289041,-0.0438546,0.000517874,0.0415315,0.0140936,-0.0249604,0.0360621,4.53138,3.08683,5.61545,0.045196,0.0338254,0.0871673,0.305351,0.448246,0.246403,0.350305,0.468062,0.181632
32.5001,3,2,1,2,3,-6.3,1.5,-3.07,1.5,-4.45,3.3,-3.76312,2.17362,-3.16575,1.426,0,0,0.0128701,-0.03714,0,0.40515,0.0463365,0.2866,-0.122748,0.153622,-0.122748,0.153622,-0.122748,0.153622,0.118136,-0.204731,0.182071,-0.153645,0.148529,-0.180446,4.95567,3.50175,6.0317,0.0498257,0.0341459,0.0857237,0.308947,0.437221,0.253832,0.3289,0.479931,0.191169
32.6001,3,2,1,2,3,-6.3,1.5,-3.07,1.5,-4.45,3.3,-3.76312,2.17362,-3.16519,1.43498,0,0,0.000560045,0.00898004,0,0.40515,0.0241521,0.2866,-0.158373,0.195643,-0.158373,0.195643,-0.158373,0.195643,0.139861,-0.202102,0.172914,-0.175346,0.155652,-0.189319,5.39276,3.92949,6.46075,0.103877,0.0889235,0.122938,0.31181,0.427923,0.260267,0.331882,0.387692,0.280425
32.7001,3,2,1,2,3,-6.3,1.5,-3.07,1.5,-4.45,3.3,-3.76312,2.17362,-3.15622,1.45223,0,0,0.00897002,0.0172499,0,0.40515,0.0142201,0.2866,-0.186749,0.221979,-0.186749,0.221979,-0.186749,0.221979,0.17375,-0.223212,0.192647,-0.207313,0.182931,-0.215487,5.86289,4.3955,6.92756,0.165291,0.143817,0.179044,0.31445,0.419426,0.266124,0.325467,0.374065,0.300468
32.8001,3,2,1,2,3,-6.3,1.5,-3.07,1.5,-4.45,3.3,-3.76312,2.17362,-3.14994,1.4802,0,0,0.00627995,0.0279701,0,0.40515,0.0240546,0.2866,-0.251835,0.28479,-0.251835,0.28479,-0.251835,0.28479,-0.0240541,0.000151194,0.023349,0.00578321,-0.0139829,0.019573,6.22534,4.75795,7.29001,0.254406,0.226353,0.262334,0.316219,0.413744,0.270037,0.323236,0.363296,0.313467
32.9001,3,2,1,2,3,-6.3,1.5,-3.07,1.5,-4.45,3.3,-3.76312,2.17362,-3.16431,1.49926,0,0,-0.01437,0.0190599,0,0.40515,0.0262682,0.2866,-0,-0,0,-0,-0,0,-0.0262682,6.19953e-06,0.0262674,0.00020612,-0.0152637,0.0213784,6.72829,5.26091,7.79296,0.252758,0.227332,0.258859,0.318238,0.407002,0.27476,0.323805,0.360022,0.316173
33.0001,3,2,1,2,3,-6.3,1.5,-3.07,1.5,-4.45,3.3,-3.76312,2.17362,-3.17762,1.51459,0,0,-0.01331,0.0153301,0,0.40515,0.0220859,0.2866,-0,-0,0,-0,-0,0,-0.0220857,-0.0001032,0.0218857,-0.00296704,-0.0128177,0.0179859,7.22722,5.75983,8.29189,0.243663,0.227363,0.247736,0.31986,0.401349,0.278791,0.327306,0.35077,0.321924
33.1001,3,2,1,2,3,-6.3,1.5,-3.07,1.5,-4.45,3.3,-3.76312,2.17362,-3.19147,1.52256,0,0,-0.01385,0.00796998,0,0.40515,0.0181407,0.2866,-0,-0,0,-0,-0,0,-0.0181402,-0.000131651,0.0178357,-0.00331253,-0.0104829,0.0148051,7.70739,6.24,8.77205,0.235645,0.228369,0.237801,0.321152,0.396674,0.282174,0.33082,0.341359,0.327821
33.2001,3,2,1,2,3,-6.3,1.5,-3.07,1.5,-4.45,3.3,-3.76312,2.17362,-3.20167,1.5279,0,0,-0.0102,0.00533998,0,0.40515,0.0137464,0.2866,-0,-0,0,-0,-0,0,-0.0137458,-0.000123779,0.0134478,-0.00284949,-0.00791644,0.011238,8.18287,6.71548,9.24753,0.231053,0.22627,0.231561,0.322229,0.392639,0.285131,0.331242,0.338244,0.330514
33.3001,3,2,1,2,3,-6.3,1.5,-3.07,1.5,-4.45,3.3,-3.76312,2.17362,-3.19545,1.5273,0,0,0.00621986,-0.00059998,0,0.40515,0.00888101,0.2866,-0,-0,0,-0,-0,0,-0.00888067,-7.80926e-05,0.00867791,-0.00188846,-0.00513035,0.00724927,8.65366,7.18627,9.71832,0.227649,0.225797,0.227098,0.323139,0.389122,0.287739,0.332156,0.334881,0.332963
33.4001,3,2,1,2,3,-6.3,1.5,-3.07,1.5,-4.45,3.3,-3.76312,2.17362,-3.1955,1.53021,0,0,-4.98295e-05,0.00291002,0,0.40515,0.00457959,0.2866,-0,-0,0,-0,-0,0,-0.00457937,-4.45621e-05,0.00445241,-0.00107177,-0.00264835,0.00373616,9.12444,7.65706,10.1891,0.223084,0.223709,0.220847,0.323924,0.386,0.290077,0.33252,0.331591,0.335889
33.5001,3,2,1,2,3,-6.3,1.5,-3.07,1.5,-4.45,3.3,-3.76312,2.17362,-3.14878,1.55418,0,0,0.0467198,0.02397,0,0.40515,0.0277102,0.2866,-0,-0,0,-0,-0,0,-0.0277061,-0.000476361,0.0228319,-0.0157023,-0.0165597,0.0222178,9.45514,7.98776,10.5198,0.221657,0.222677,0.216904,0.324412,0.384008,0.29158,0.331418,0.329901,0.338681
33.6001,3,2,1,2,3,-6.3,1.5,-3.07,1.5,-4.45,3.3,-3.76312,2.17362,-3.12142,1.55799,0,0,0.0273602,0.00380993,0,0.40515,0.0400671,0.2866,-0,-0,0,-0,-0,0,-0.0400604,-0.000730862,0.0265825,-0.029979,-0.0242978,0.0318589,9.74718,8.27979,10.8118,0.165211,0.163685,0.161394,0.324807,0.382371,0.292823,0.32971,0.332784,0.337506
33.7001,3,2,1,2,3,-6.3,1.5,-3.07,1.5,-4.45,3.3,-3.76312,2.17362,-3.13622,1.56274,0,0,-0.0148001,0.00475001,0,0.40515,0.0215839,0.2866,-0,-0,0,-0,-0,0,-0.0215797,-0.00042794,0.0156683,-0.0148449,-0.013019,0.0172155,9.97585,8.50847,11.0405,0.100631,0.102633,0.0980331,0.325094,0.381161,0.293745,0.332557,0.326072,0.341371
33.8001,3,2,1,2,3,-6.3,1.5,-3.07,1.5,-4.45,3.3,-3.76312,2.17362,-3.155,1.56164,0,0,-0.01878,-0.00109994,0,0.40515,0.0171779,0.2866,-0,-0,0,-0,-0,0,-0.0171746,-0.000336612,0.0139062,-0.0100845,-0.0102622,0.0137756,10.1204,8.653,11.185,0.00950121,0.0139172,0.00792465,0.325267,0.380426,0.294306,0.347025,0.236912,0.416063
33.9001,3,2,1,2,3,-6.3,1.5,-3.07,1.5,-4.45,3.3,-3.76312,2.17362,-3.14088,1.56217,0,0,0.0141199,0.000530005,0,0.40515,0.016471,0.2866,-0,-0,0,-0,-0,0,-0.0164678,-0.000324079,0.0123827,-0.010861,-0.00991042,0.0131559,10.1204,8.653,11.185,0.01003,0.0124309,0.00869417,0.325267,0.380426,0.294306,0.337781,0.272541,0.389679
34.0001,3,2,1,2,3,-6.3,1.5,-3.07,1.5,-4.45,3.3,-3.76312,2.17362,-3.17131,1.55147,0,0,-0.0304298,-0.0107,0,0.40515,0.023193,0.2866,-0,-0,0,-0,-0,0,-0.0231899,-0.000381496,0.0206775,-0.0105051,-0.0136907,0.0187212,10.1204,8.653,11.185,0.00992984,0.0124688,0.00964392,0.325267,0.380426,0.294306,0.353854,0.281801,0.364345
34.1001,3,2,1,2,3,-6.3,1.5,-3.07,1.5,-4.45,3.3,-3.76312,2.17362,-3.18533,1.55031,0,0,-0.01402,-0.00116003,0,0.40515,0.0231621,0.2866,-0,-0,0,-0,-0,0,-0.023159,-0.000374079,0.02123,-0.00926109,-0.0135682,0.0187719,10.1204,8.653,11.185,0.00988153,0.0123634,0.00993791,0.325267,0.380426,0.294306,0.357963,0.286105,0.355932
34.2001,3,2,1,2,3,-6.3,1.5,-3.07,1.5,-4.45,3.3,-3.76312,2.17362,-3.22745,1.54812,0,0,-0.04212,-0.00218999,0,0.40515,0.0281224,0.2866,-0,-0,0,-0,-0,0,-0.0281189,-0.000440378,0.0268944,-0.00821949,-0.0160938,0.023062,10.1204,8.653,11.185,0.0101514,0.0155657,0.0111028,0.325267,0.380426,0.294306,0.389641,0.254109,0.35625
34.3,3,2,1,2,3,-6.3,1.5,-3.07,1.5,-4.45,3.3,-3.76312,2.17362,-3.24447,1.55264,0,0,-0.01702,0.00451994,0,0.40515,0.0298934,0.2866,-0,-0,0,-0,-0,0,-0.029889,-0.00051492,0.0286192,-0.00863479,-0.0169758,0.0246056,10.1204,8.653,11.185,0.0099003,0.0175992,0.0111075,0.325267,0.380426,0.294306,0.407522,0.229249,0.36323
34.4,3,2,1,2,3,-6.3,1.5,-3.07,1.5,-4.45,3.3,-3.76312,2.17362,-3.23486,1.55158,0,0,0.00960994,-0.00106001,0,0.40515,0.0136391,0.2866,-0,-0,0,-0,-0,0,-0.0136371,-0.000229485,0.0130169,-0.0040726,-0.00778382,0.0111998,10.1204,8.653,11.185,0.0113738,0.0179187,0.0124284,0.325267,0.380426,0.294306,0.392173,0.248931,0.358896
34.5,3,2,1,2,3,-6.3,1.5,-3.07,1.5,-4.45,3.3,-3.76312,2.17362,-3.23418,1.57011,0,0,0.00067997,0.01853,0,0.40515,0.0141054,0.2866,-0,-0,0,-0,-0,0,-0.0141017,-0.000322481,0.0129721,-0.00553948,-0.0081108,0.0115402,10.1204,8.653,11.185,0.00872244,0.0161682,0.00970716,0.325267,0.380426,0.294306,0.410166,0.221277,0.368557
34.6,3,2,1,2,3,-6.3,1.5,-3.07,1.5,-4.45,3.3,-3.76312,2.17362,-3.23043,1.57621,0,0,0.00375009,0.00610006,0,0.40515,0.0128515,0.2866,-0,-0,0,-0,-0,0,-0.0128476,-0.000318974,0.0116083,-0.00551438,-0.00742254,0.0104913,10.1204,8.653,11.185,0.0060317,0.0159874,0.00760963,0.325267,0.380426,0.294306,0.460847,0.173867,0.365286
34.7,3,2,1,2,3,-6.3,1.5,-3.07,1.5,-4.45,3.3,-3.76312,2.17362,-3.24759,1.58935,0,0,-0.0171602,0.01314,0,0.40515,0.0143869,0.2866,-0,-0,0,-0,-0,0,-0.0143807,-0.000420952,0.0128519,-0.00646612,-0.0082732,0.0117702,10.1204,8.653,11.185,0.00556332,0.0142444,0.00688637,0.325267,0.380426,0.294306,0.454869,0.177654,0.367477
34.8,3,2,1,2,3,-6.3,1.5,-3.07,1.5,-4.45,3.3,-3.76312,2.17362,-3.27442,1.61313,0,0,-0.02683,0.02378,0,0.40515,0.0287324,0.2866,-0,-0,0,-0,-0,0,-0.0287123,-0.00107359,0.0251394,-0.0139126,-0.0164279,0.0235728,10.1204,8.653,11.185,0.0062957,0.0153583,0.00700631,0.325267,0.380426,0.294306,0.433182,0.177571,0.389247
34.9,3,2,1,2,3,-6.3,1.5,-3.07,1.5,-4.45,3.3,-3.76312,2.17362,-3.26913,1.60554,0,0,0.00529003,-0.00758994,0,0.40515,0.0225516,0.2866,-0,-0,0,-0,-0,0,-0.0225379,-0.000784808,0.0199259,-0.0105608,-0.012894,0.0185019,10.1204,8.653,11.185,0.00651422,0.0156796,0.00767916,0.325267,0.380426,0.294306,0.441743,0.183526,0.37473
35,3,2,1,2,3,-6.3,1.5,-3.07,1.5,-4.45,3.3,-3.76312,2.17362,-3.37607,1.71076,0,0,-0.10694,0.10522,0,0.40515,0.0796381,0.2866,-0,-0,0,-0,-0,0,-0.079432,-0.00572555,0.0655914,-0.0451663,-0.0445894,0.065985,10.1204,8.653,11.185,0.0300866,0.0580263,0.0297329,0.325267,0.380426,0.294306,0.395195,0.204908,0.399897
35.1,3,2,1,2,3,-6.3,1.5,-3.07,1.5,-4.45,3.3,-3.76312,2.17362,-3.37897,1.6907,0,0,-0.00289989,-0.0200599,0,0.40515,0.0851466,0.2866,-0,-0,0,-0,-0,0,-0.0849657,-0.005547,0.0724566,-0.0447211,-0.0471748,0.0708836,10.1204,8.653,11.185,0.0596369,0.104403,0.0605329,0.325267,0.380426,0.294306,0.391173,0.223445,0.385382
35.2,3,2,1,2,3,-6.3,1.5,-3.07,1.5,-4.45,3.3,-3.76312,2.17362,-3.33172,1.66003,0,0,0.0472498,-0.03067,0,0.40515,0.0382998,0.2866,-0,-0,0,-0,-0,0,-0.0382442,-0.00206188,0.0326755,-0.0199796,-0.0215772,0.0316433,10.1204,8.653,11.185,0.106936,0.14755,0.109308,0.325267,0.380426,0.294306,0.369952,0.268122,0.361927
35.3,3,2,1,2,3,-6.3,1.5,-3.07,1.5,-4.45,3.3,-3.70632,2.10418,-3.47434,1.8145,0.0567999,-0.0694399,-0.14262,0.15447,0.0448557,0.40515,0.133286,0.2866,-0.0436861,-0.0101764,0.0325286,-0.0308856,-0.0236885,0.0380905,-0.132468,-0.0147439,0.105208,-0.081832,-0.0731703,0.111406,10.1284,8.66104,11.1931,0.189485,0.249767,0.187475,0.325277,0.380386,0.294337,0.361093,0.273943,0.364964
35.4,3,2,1,2,3,-6.3,1.5,-3.07,1.5,-4.45,3.3,-3.58026,1.91515,-3.47434,1.8145,0.12606,-0.18903,0,0,0.15846,0.40515,0.105121,0.2866,-0.156645,-0.0239108,0.122916,-0.100005,-0.0842765,0.13419,-0.104475,-0.0116283,0.0829759,-0.0645395,-0.0577082,0.0878642,10.1973,8.70285,11.2751,0.288238,0.36933,0.282043,0.325085,0.380907,0.294008,0.356837,0.278488,0.364675
35.5,3,2,1,2,3,-6.3,1.5,-3.07,1.5,-4.45,3.3,-3.56905,1.93114,-3.47434,1.8145,0.01121,0.0159899,0,0,0.123368,0.40515,0,0.2866,-0.121859,-0.0192381,0.0933546,-0.080651,-0.0667641,0.103741,-0,-0,0,-0,-0,0,10.2959,8.77059,11.3803,0.397484,0.499281,0.387535,0.32482,0.38131,0.293869,0.354385,0.282131,0.363484
35.6,3,2,1,2,3,-6.3,1.5,-3.07,1.5,-4.45,3.3,-3.51493,1.91996,-3.47434,1.8145,0.0541201,-0.0111799,0,0,0.0373953,0.40515,0,0.2866,-0.0369773,-0.0055758,0.0271946,-0.0256684,-0.0209762,0.0309582,-0,-0,0,-0,-0,0,10.4255,8.84469,11.5133,0.506371,0.629011,0.492857,0.324227,0.382177,0.293596,0.353052,0.284216,0.362732
35.7,3,2,1,2,3,-6.3,1.5,-3.07,1.5,-4.45,3.3,-3.51493,1.91996,-3.43777,1.81671,0,0,0.0365701,0.00221002,0.0276314,0.40515,0.0183184,0.2866,-0.0273225,-0.00411995,0.020094,-0.0189663,-0.0154993,0.022875,-0.0182073,-0.00201466,0.0138807,-0.0119536,-0.0103257,0.0151309,10.5566,8.9202,11.6476,0.6164,0.758907,0.599419,0.323648,0.38302,0.293332,0.352045,0.285938,0.362018
35.8,3,2,1,2,3,-6.3,1.5,-3.07,1.5,-4.45,3.3,-3.51493,1.91996,-3.40106,1.76818,0,0,0.0367098,-0.04853,0,0.40515,0.0487436,0.2866,-0,-0,0,-0,-0,0,-0.0485363,-0.00449008,0.0378757,-0.0306817,-0.02754,0.040218,10.6884,8.99646,11.7827,0.730868,0.888174,0.711758,0.323082,0.383843,0.293075,0.35091,0.288759,0.360331
35.9,3,1,2,3,-6.3,1.5,-3.07,1.5,-4.45,3.3,-3.39201,1.72468,0.00905013,-0.0435001,0.0526409,0.2866,-0.0524845,-0.00405511,0.0432421,-0.0297788,-0.0293491,0.0437001,0.848975,1.018,0.831002,0.35019,0.292046,0.357764
